imdb_id,scene_index,scene_heading,contribution,n_dialogue_in_scene
tt0086927,0,EXT. ST. ANN'S SCHOOL - DAY,0.0,13
tt0086927,1,INT. BUS - DAY,0.0,2
tt0086927,2,EXT. THE BUS,0.0,0
tt0086927,3,INT. THE BUS,0.0,0
tt0086927,4,EXT. THE BUSES,0.0,0
tt0086927,5,INT. RICK'S BUS,0.0,0
tt0086927,6,EXT. THE STREET - LOW ANGLE,0.0,0
tt0086927,7,INT. THE BUS,0.0,0
tt0086927,8,EXT. THE BUSES,0.0,0
tt0086927,9,INT. THE BUS,0.0,0
tt0086927,10,EXT. THE OTHER BUS,0.0,0
tt0086927,11,INT. THE OTHER BUS,0.0,0
tt0086927,12,EXT. THE STREET,0.0,0
tt0086927,13,INT. RICK'S BUS,0.0,23
tt0086927,14,EXT. CHULO'S AUTO SHOP - DAY,0.0,11
tt0086927,15,INT. OFFICE BUILDING - DAY,0.0,12
tt0086927,16,INT. HARBORSIDE INN - DAY,0.0,46
tt0086927,17,EXT. THE JEAN MACHINE - DAY,0.0,0
tt0086927,18,INT. THE JEAN MACHINE - DAY,0.0,23
tt0086927,19,INT. RICK AND DEBBIE'S APARTMENT - NIGHT,0.0,22
tt0086927,20,EXT. BEL AIR-TYPE ESTATE - DAY,0.0,1
tt0086927,21,INT. COLE'S SMOKEHOUSE - DAY,0.0,21
tt0086927,22,INT. DR. STAN STAHL'S OFFICE - DAY,0.0,17
tt0086927,23,EXT. DEBBIE'S PARENTS' HOUSE - BACKYARD - DAY,0.0,7
tt0086927,24,EXT. THE THOMERSON'S NEIGHBORS' BACKYARD - DAY,0.0,1
tt0086927,25,EXT. THE THOMERSON'S - MEDIUM SHOT - DAY,0.0,20
tt0086927,26,EXT. THOMERSON'S NEIGHBORS' HOUSE,0.0,1
tt0086927,27,INT. THOMERSON HOUSE - DAY,0.0,10
tt0086927,28,EXT. THOMERSON TENNIS COURT - DAY,0.0,12
tt0086927,29,EXT. PARK ON A BLUFF - DAY,0.0,33
tt0086927,30,INT. RICK AND DEBBIE'S BEDROOM - NIGHT,0.0,17
tt0086927,31,INT. AIRPORT - DAY,0.0,23
tt0086927,32,EXT. TERMINAL,0.0,7
tt0086927,33,INT. BUS - DUSK,0.0,10
tt0086927,34,EXT. BUS,0.0,1
tt0086927,35,EXT. THOMERSON'S - DUSK,0.0,0
tt0086927,36,INT. RICK'S BUS - DUSK,0.0,17
tt0086927,37,INT. GRIMY STREET CORNER - EVENING,0.0,17
tt0086927,38,INT. HOTEL LOBBY - NIGHT,0.0,13
tt0086927,39,INT. THE THOMERSON'S - NIGHT,0.0,10
tt0086927,40,EXT. HOTEL HALLWAY - NIGHT,0.0,5
tt0086927,41,INT. HOTEL SUITE - NIGHT,0.0,26
tt0086927,42,INT. THOMERSON HOUSE,0.0,8
tt0086927,43,INT. THOMERSON'S LIVING ROOM,0.0,8
tt0086927,44,INT. HOTEL SUITE,0.0,40
tt0086927,45,EXT. HOTEL PARKING LOT - NIGHT,0.0,0
tt0086927,46,INT. HOTEL SUITE,0.0,5
tt0086927,47,EXT. STREET CORNER - NIGHT,0.0,14
tt0086927,48,EXT. CHIPPENDALE'S - NIGHT,0.0,7
tt0086927,49,INT. CHIPPENDALE'S - NIGHT,0.0,5
tt0086927,50,INT. HOTEL SUITE,0.0,11
tt0086927,51,INT. CHIPPENDALE'S - MICHAEL,0.0,1
tt0086927,52,INT. HOTEL SUITE,0.0,12
tt0086927,53,EXT. HOTEL,0.0,0
tt0086927,54,INT. HOTEL,0.0,9
tt0086927,55,INT. CHIPPENDALE'S KITCHEN - NIGHT,0.0,21
tt0086927,56,EXT. STREET CORNER,0.0,18
tt0086927,57,EXT. HOTEL - NIGHT,0.0,0
tt0086927,58,INT. HOTEL SUITE,0.0,30
tt0086927,59,EXT. HOTEL,0.0,2
tt0086927,60,INT. HOTEL SUITE - ANGLE - RICK,0.0,4
tt0086927,61,INT. HOTEL SUITE,0.0,4
tt0086927,62,INT. HOTEL RESTAURANT,0.0,24
tt0086927,63,INT. HOTEL SUITE,0.0,15
tt0086927,64,INT. HOTEL CORRIDOR,0.0,1
tt0086927,65,INT. CORRIDOR,0.0,0
tt0086927,66,INT. STAGE,0.0,2
tt0086927,67,INT. THOMERSON'S BEDROOM - NIGHT,0.0,13
tt0086927,68,INT. HOTEL SUITE,0.0,12
tt0086927,69,INT. BATHROOM - TIGHT ON LARRY,0.0,13
tt0086927,70,EXT. STABLES - NIGHT,0.0,1
tt0086927,71,EXT. HOTEL - NIGHT,0.0,0
tt0086927,72,INT. HOTEL SUITE,0.0,9
tt0086927,73,INT. BEDROOM,0.0,10
tt0086927,74,INT. HOTEL ROOM,0.0,3
tt0086927,75,INT. HOTEL ROOM ACROSS THE STREET - NIGHT,0.0,0
tt0086927,76,INT. HOTEL SUITE,0.0,1
tt0086927,77,INT. HOTEL SUITE,0.0,10
tt0086927,78,INT. BACKSTAGE OF BEAUTY PAGEANT,0.0,14
tt0086927,79,INT. HOTEL LOBBY - NIGHT,0.0,5
tt0086927,80,INT. HOTEL CORRIDOR,0.0,5
tt0086927,81,INT. JAPANESE GUYS' ROOM,0.0,5
tt0086927,82,EXT. COLE'S ROOM,0.0,2
tt0086927,83,INT. COLE'S ROOM,0.0,3
tt0086927,84,INT. CORRIDOR OUTSIDE COLE'S DOOR,0.0,2
tt0086927,85,INT. COLE'S ROOM,0.0,3
tt0086927,86,EXT. HOTEL,0.0,3
tt0086927,87,INT. COLE'S ROOM,0.0,1
tt0086927,88,INT. COLE'S ROOM,0.0,0
tt0086927,89,INT. ANOTHER HOTEL ROOM,0.0,2
tt0086927,90,INT. JAPANESE BUSINESSMEN'S ROOM,0.0,1
tt0086927,91,INT. COLE'S ROOM,0.0,0
tt0086927,92,INT. COLE'S ROOM,0.0,0
tt0086927,93,INT. CAR,0.0,1
tt0086927,94,EXT. SPORTSCAR,0.0,0
tt0086927,95,INT. BANQUET ROOM - BACKSTAGE,0.0,7
tt0086927,96,EXT. HOTEL - NIGHT,0.0,0
tt0086927,97,INT. CAR,0.0,5
tt0086927,98,INT. HOTEL LOBBY - A FEW MINUTES LATER,0.0,21
tt0086927,99,INT. HOTEL SUITE - NIGHT,0.0,16
tt0086927,100,INT. HALLWAY,0.0,0
tt0086927,101,INT. RICK'S SUITE,0.0,0
tt0086927,102,INT. HOTEL LOBBY,0.0,3
tt0086927,103,INT. HOTEL SUITE - NIGHT,0.0,11
tt0086927,104,INT. HOTEL BEDROOM - O'NEILL AND LARRY,0.0,3
tt0086927,105,INT. SUITE - MAIN ROOM,0.0,7
tt0086927,106,INT. JAPANESE SUITE,0.0,9
tt0086927,107,INT. JAPANESE BEDROOM,0.0,1
tt0086927,108,INT. CORRIDOR,0.0,2
tt0086927,109,INT. HOTEL SUITE,0.0,9
tt0086927,110,INT. BEDROOM,0.0,12
tt0086927,111,INT. HOTEL SUITE - MAIN ROOM,0.0,17
tt0086927,112,INT. OTHER BEDROOM,0.0,3
tt0086927,113,INT. SUITE - MAIN ROOM,0.0,0
tt0086927,114,INT. HOTEL CORRIDOR,0.0,1
tt0086927,115,INT. HOTEL SUITE,0.0,2
tt0086927,116,INT. HOTEL CORRIDOR,0.0,1
tt0086927,117,INT. HOTEL LOBBY,0.0,8
tt0086927,118,EXT. HOTEL - MORNING,0.0,3
tt0086927,119,EXT. CITY STREET,0.0,0
tt0086927,120,INT. PORSCHE,0.0,1
tt0086927,121,EXT. CITY STREET,0.0,0
tt0086927,122,INT. RICK'S BUS,0.0,0
tt0086927,123,EXT. HIGHWAY,0.0,0
tt0086927,124,EXT. STREET,0.0,0
tt0086927,125,EXT. MOVIE THEATER PARKING LOT,0.0,3
tt0086927,126,INT. MOVIE THEATER,0.0,3
tt0086927,127,INT. MALL OUTSIDE THEATER,0.0,6
tt0086927,128,EXT. BLUFF - DAY,0.0,20
tt0383028,0,"SYNECDOCHE, NEW YORK by Charlie Kaufman Darkness. The sound of a radio and pots ",0.0,0
tt0383028,1,INT. CADEN AND ADELE'S KITCHEN - FALL 2005 - SAME,0.0,8
tt0383028,2,INT. CADEN AND ADELE'S BATHROOM - FALL 2005 - CONTINUOUS,0.0,8
tt0383028,3,INT. CADEN AND ADELE'S KITCHEN - FALL 2005 - CONTINUOUS,0.0,4
tt0383028,4,INT. CADEN AND ADELE'S BATHROOM - FALL 2005 - CONTINUOUS,0.0,9
tt0383028,5,EXT. CADEN AND ADELE'S HOUSE - FALL 2005 - MORNING,0.0,0
tt0383028,6,INT. CADEN AND ADELE'S KITCHEN - FALL 2005 - MORNING,0.0,22
tt0383028,7,INT. DENTIST'S OFFICE - FALL 2005 - DAY,0.0,2
tt0383028,8,INT. CADEN AND ADELE'S BATHROOM - WINTER 2005 - NIGHT,0.0,10
tt0383028,9,INT. EXAMINATION ROOM - WINTER 2005 - NIGHT,0.0,12
tt0383028,10,INT. CADEN AND ADELE'S CAR - WINTER 2006 - NIGHT,0.0,51
tt0383028,11,INT. OPHTHALMOLOGIST'S OFFICE - WINTER 2006 - DAY,0.0,14
tt0383028,12,INT. SCHENECTADY THEATER - 2006 - DAY,0.0,20
tt0383028,13,INT. SCHENECTADY THEATER LOBBY - 2006 - DAY,0.0,8
tt0383028,14,EXT. SCHENECTADY THEATER - 2006 - DAY,0.0,1
tt0383028,15,INT. SCHENECTADY THEATER BOX OFFICE - 2006 - CONTINUOUS,0.0,9
tt0383028,16,INT. CADEN AND ADELE'S BATHROOM - 2006 - NIGHT,0.0,0
tt0383028,17,INT. CADEN AND ADELE'S BEDROOM - 2006 - NIGHT,0.0,2
tt0383028,18,INT. THERAPIST'S OFFICE - 2006 - DAY,0.0,10
tt0383028,19,EXT. SCHENECTADY THEATER - 2006 - DAY,0.0,15
tt0383028,20,INT. CADEN AND ADELE'S BATHROOM - 2006 - DAY,0.0,13
tt0383028,21,INT. SCHENECTADY THEATER - 2006 - NIGHT,0.0,13
tt0383028,22,"INT. QUINCY'S, BACK ROOM - 2006 - NIGHT",0.0,42
tt0383028,23,INT. HAZEL'S CAR - 2006 - NIGHT,0.0,0
tt0383028,24,EXT. RESIDENTIAL SCHENECTADY STREET - 2006 - A FEW MOMENTS,0.0,2
tt0383028,25,INT. HAZEL'S BATHROOM (APARTMENT) - 2006 - NIGHT,0.0,0
tt0383028,26,"INT. QUINCY'S, BACK ROOM - 2006 - ABOUT DAWN",0.0,3
tt0383028,27,EXT. BURNING HOUSE - 2006 - DAY,0.0,0
tt0383028,28,INT. BURNING HOUSE - 2006 - A FEW MOMENTS LATER,0.0,14
tt0383028,29,INT. ADELE AND CADEN'S LIVING ROOM - 2006 - DAWN,0.0,14
tt0383028,30,EXT. RESIDENTIAL SCHENECTADY STREET - SPRING 2006 - DAY,0.0,10
tt0383028,31,INT. SCHENECTADY POST OFFICE - SPRING 2006 - CONTINUOUS,0.0,14
tt0383028,32,INT. SCHENECTADY THEATER - SPRING 2006 - NIGHT,0.0,4
tt0383028,33,EXT. URBAN-ISH SCHENECTADY STREET - SPRING 2006 - NIGHT,0.0,18
tt0383028,34,INT. CADEN AND ADELE'S LIVING ROOM - SPRING 2006 - MORNING,0.0,0
tt0383028,35,INT. CADEN AND ADELE'S KITCHEN - SPRING 2006 - MORNING,0.0,10
tt0383028,36,INT. CADEN AND ADELE'S BEDROOM - SPRING 2006 - NIGHT,0.0,6
tt0383028,37,INT. SCHENECTADY THEATER BOX OFFICE - 2006 - DAY,0.0,10
tt0383028,38,INT. DENTIST'S OFFICE - 2006 - DAY,0.0,0
tt0383028,39,INT. THERAPIST'S OFFICE - DAY,0.0,15
tt0383028,40,INT. CADEN'S OFFICE - 2006 - NIGHT,0.0,0
tt0383028,41,INT. DENTIST'S OFFICE - 2006 - DAY,0.0,3
tt0383028,42,INT. QUINCY'S - 2007 - NIGHT,0.0,28
tt0383028,43,INT. HAZEL'S CAR - 2007 - NIGHT,0.0,0
tt0383028,44,INT. BURNING HOUSE - KITCHEN - 2007 - NIGHT,0.0,31
tt0383028,45,INT. CADEN AND ADELE'S LIVING ROOM - 2008 - NIGHT,0.0,1
tt0383028,46,A50 INT. ADELE'S BERLIN APARTMENT - 2008 - SAME A50,0.0,8
tt0383028,47,INT. HOSPITAL - 2008 - NIGHT,0.0,2
tt0383028,48,INT. SMALL EXAMINING ROOM - 2008 - CONTINUOUS,0.0,5
tt0383028,49,INT. SCHENECTADY POST OFFICE - WINTER 2008 - DAY,0.0,0
tt0383028,50,INT. CADEN AND ADELE'S LIVING ROOM - WINTER 2008 - NIGHT,0.0,0
tt0383028,51,INT. PERIODONTIST'S OFFICE - WINTER 2008 - DAY,0.0,0
tt0383028,52,INT. SCHENECTADY THEATER LOBBY - WINTER 2008 - NIGHT,0.0,4
tt0383028,53,INT. CADEN'S OFFICE - SPRING 2009 - NIGHT,0.0,1
tt0383028,54,A59 INT. ADELE'S BERLIN APARTMENT - 2009 - SAME A59,0.0,0
tt0383028,55,INT. OLIVE'S ROOM - 2009 - NIGHT,0.0,0
tt0383028,56,INT. CADEN AND ADELE'S LIVING ROOM - 2009 - NIGHT,0.0,0
tt0383028,57,INT. THERAPIST'S OFFICE - 2009 - DAY,0.0,24
tt0383028,58,INT. OLIVE'S ROOM - 2009 - NIGHT,0.0,1
tt0383028,59,INT. SCHENECTADY TOY STORE - 2009 - DAY,0.0,4
tt0383028,60,INT. QUINCY'S - 2009 - DAY,0.0,15
tt0383028,61,"INT. TINY, CRAMPED REHEARSAL HALL - 2009 - DAY",0.0,10
tt0383028,62,INT. CADEN AND ADELE'S BEDROOM - WINTER 2010 - NIGHT,0.0,9
tt0383028,63,INT. QUINCY'S - 2010 - NIGHT,0.0,70
tt0383028,64,EXT. DOWNTOWN SCHENECTADY STREET - WINTER 2010 - NIGHT,0.0,15
tt0383028,65,EXT. CEMETERY - 2010 - DAY,0.0,2
tt0383028,66,INT. CLAIRE'S BEDROOM (SCHENECTADY APT.) - 2010 - DAY,0.0,14
tt0383028,67,EXT. PARK - 2010 - DAY,0.0,1
tt0383028,68,"INT. TINY, CRAMPED REHEARSAL HALL - 2011 - DAY",0.0,5
tt0383028,69,INT. CLAIRE'S KITCHEN (SCHENECTADY APT.) - WINTER 2011 -,0.0,4
tt0383028,70,INT. CLAIRE'S BEDROOM (SCHENECTADY APT.)- WINTER 2011 -,0.0,8
tt0383028,71,INT. CLAIRE'S LIVING ROOM (SCHENECTADY APT.) - WINTER 2011 -,0.0,14
tt0383028,72,INT. PLANE - 2011 - NIGHT,0.0,5
tt0383028,73,EXT. BERLIN STREET - 2011 - DAY,0.0,0
tt0383028,74,INT. GALLERY - 2011 - DAY,0.0,18
tt0383028,75,INT. GERMAN HOSPITAL ROOM - 2015 - DAY,0.0,0
tt0383028,76,INT. PLANE - 2015 - NIGHT,0.0,1
tt0383028,77,EXT. NEW YORK CITY STREET - 2015 - DAY,0.0,4
tt0383028,78,INT. WAREHOUSE - 2015 - DAY,0.0,17
tt0383028,79,EXT. BUS SHELTER (NEAR WAREHOUSE) - 2016 - NIGHT,0.0,0
tt0383028,80,INT. EXAMINATION ROOM - 2017 - NIGHT,0.0,5
tt0383028,81,EXT. NYC STREET - 2017 - DAY,0.0,22
tt0383028,82,A95 EXT. HOTEL TERRACE - 2017 - DAY A95 \*,0.0,0
tt0383028,83,INT. CADEN AND ADELE'S HOUSE - 2017 - NIGHT,0.0,1
tt0383028,84,INT. HALLWAY (CLAIRE'S NYC APT.) - FALL 2018 - NIGHT,0.0,6
tt0383028,85,INT. CLAIRE'S BEDROOM (NYC APARTMENT) - 2018 - NIGHT,0.0,7
tt0383028,86,EXT. CEMETERY - 2018 - DAY,0.0,2
tt0383028,87,EXT. CADEN'S MOTHER'S BACK DECK - 2018 - A FEW MOMENTS,0.0,2
tt0383028,88,A101 INT. BURNING HOUSE - 2018 - SAME A101,0.0,24
tt0383028,89,INT. CLAIRE KITCHEN (NYC APARTMENT) - 2021 - LATE NIGHT,0.0,1
tt0383028,90,EXT. BERLIN STREET - 2022 - DAY,0.0,0
tt0383028,91,INT. LOBBY - 2022 - NIGHT,0.0,0
tt0383028,92,INT. CLAIRE'S BEDROOM (NYC APARTMENT) - 2022 - MORNING,0.0,7
tt0383028,93,EXT. BURNING HOUSE - 2023 - DAY,0.0,12
tt0383028,94,INT. WAREHOUSE - 2023 - DAY,0.0,3
tt0383028,95,INT. HAZEL'S CAR - 2024 - DAY,0.0,1
tt0383028,96,A114 INT. WAREHOUSE - 2024 - SAME A114,0.0,2
tt0383028,97,INT. WAREHOUSE - AUDITION CORNER - 2025 - LATER,0.0,11
tt0383028,98,INT. WAREHOUSE - 2025 - A FEW MOMENTS LATER,0.0,0
tt0383028,99,INT. WAREHOUSE - MEN'S ROOM - 2025 - CONTINUOUS,0.0,7
tt0383028,100,EXT. NYC CITY STREET - 2025 - EVENING,0.0,7
tt0383028,101,INT. CLAIRE'S BEDROOM (NYC APARTMENT) - 2025 - NIGHT,0.0,0
tt0383028,102,EXT. CLAIRE'S FIRE ESCAPE (NYC APARTMENT) - WINTER 2025 -,0.0,21
tt0383028,103,INT. ELEVATOR (31Y BUILDING) - 2026 - MOMENTS LATER,0.0,1
tt0383028,104,INT. 31ST FLOOR HALLWAY (31Y BUILDING) - 2026 - CONTINUOUS,0.0,12
tt0383028,105,INT. 31Y - 2026 - CONTINUOUS,0.0,1
tt0383028,106,INT. 31Y BATHROOM - 2026 - LATER,0.0,0
tt0383028,107,INT. 31Y BEDROOM - 2026 - DAWN,0.0,0
tt0383028,108,EXT. 31Y APARTMENT BUILDING - 2026 - MORNING,0.0,0
tt0383028,109,INT. CLAIRE APARTMENT (NYC APARTMENT) - 2026 - LATER,0.0,4
tt0383028,110,INT. CLAIRE'S BATHROOM (NYC APARTMENT) - 2026 - MORNING,0.0,16
tt0383028,111,INT. ELEVATOR (31Y BUILDING) - 2026 - NIGHT,0.0,1
tt0383028,112,INT. 31Y BEDROOM - 2026 - NIGHT,0.0,1
tt0383028,113,INT. 31Y KITCHEN - 2026 - MORNING,0.0,1
tt0383028,114,INT. WAREHOUSE - CLAIRE'S APARTMENT SET - 2026 - DAY,0.0,22
tt0383028,115,INT. WAREHOUSE - BATHROOM - 2026 - DAY,0.0,0
tt0383028,116,INT. METROPOLITAN MUSEUM OF ART - 2026 - DAY,0.0,0
tt0383028,117,INT. CLAIRE'S KITCHEN (NYC APARTMENT) - 2026 - DAY,0.0,11
tt0383028,118,INT. APARTMENT HALLWAY (CLAIRE'S NYC APT.) - 2026 -,0.0,1
tt0383028,119,INT. CADEN'S APARTMENT - 2026 - CONTINUOUS,0.0,0
tt0383028,120,EXT. CADEN'S APARTMENT BUILDING - 2026 - DAY,0.0,0
tt0383028,121,INT. WAREHOUSE - 2026 - DAY,0.0,0
tt0383028,122,A143 INT. WAREHOUSE - WILL'S OFFICE - 2026 - CONTINUOUS A143,0.0,1
tt0383028,123,INT. WAREHOUSE - CITY SET - 2028 - DAY,0.0,0
tt0383028,124,INT. CADEN'S APARTMENT - 2029 - NIGHT,0.0,0
tt0383028,125,INT. 31Y BEDROOM - 2029 - NIGHT,0.0,1
tt0383028,126,INT. 31Y WALK-IN CLOSET - 2029 - NIGHT,0.0,0
tt0383028,127,INT. 31Y WALK-IN CLOSET - 2029 - LATER,0.0,0
tt0383028,128,A149 EXT. WAREHOUSE STREET (INT. WAREHOUSE SET) - 2031 - A149,0.0,1
tt0383028,129,EXT. CITY STREET (INT. WAREHOUSE-WITHIN-WAREHOUSE) - 2031 -,0.0,14
tt0383028,130,A151 EXT. UNFINISHED BRICK BUILDING (BROOKLYN BRIDGE PARK)(INT. A151,0.0,12
tt0383028,131,EXT. CITY STREETS (INT. WAREHOUSE SET) - 2032 - DAY,0.0,21
tt0383028,132,EXT. CEMETERY - 2032 - DAY,0.0,0
tt0383028,133,INT. CADEN'S MOTHER'S HOUSE - 2032 - DAY,0.0,13
tt0383028,134,EXT. CADEN'S MOTHER'S BACK DECK - 2032 - DAY,0.0,17
tt0383028,135,INT. CADEN'S MOTHER'S BEDROOM - 2032 - LATER,0.0,3
tt0383028,136,INT. CADEN'S CHILDHOOD ROOM - 2032 - LATER,0.0,27
tt0383028,137,INT. CADEN'S CAR - 2032 - MORNING,0.0,7
tt0383028,138,EXT. BURNING HOUSE STREET (INT. WAREHOUSE SET) - 2032 - DAY,0.0,19
tt0383028,139,EXT. CITY STREET (INT. WAREHOUSE SET) - 2032 - DAY,0.0,28
tt0383028,140,INT. ELEVATOR (31Y BUILDING) (INT. WAREHOUSE SET) - 2032 -,0.0,2
tt0383028,141,A165 INT. ELEVATOR SHAFT (31Y BUILDING) (INT. WAREHOUSE SET) - A165,0.0,5
tt0383028,142,B165 INT. ELEVATOR (31Y BUILDING) (INT. WAREHOUSE SET) - 2032 - B165,0.0,36
tt0383028,143,EXT. NYC CEMETERY - 2032 - DAY,0.0,0
tt0383028,144,INT. WAREHOUSE - CEMETERY SET - 2035 - DAY,0.0,2
tt0383028,145,INT. BURNING HOUSE - BEDROOM - 2035 - NIGHT,0.0,21
tt0383028,146,INT. BURNING HOUSE - KITCHEN - 2035 - MORNING,0.0,0
tt0383028,147,INT. BURNING HOUSE - BEDROOM - 2035 - CONTINUOUS,0.0,1
tt0383028,148,INT. CADEN'S CAR - 2041 - DAY,0.0,6
tt0383028,149,INT. NYC HOSPITAL ROOM - 2041 - DAY,0.0,30
tt0383028,150,EXT. NYC STREET - 2045 - DAY,0.0,2
tt0383028,151,EXT. CITY STREET (INT. WAREHOUSE SET) - 2048 - NIGHT,0.0,7
tt0383028,152,INT. NYC WIG STORE - 2050 - DAY,0.0,8
tt0383028,153,INT. WAREHOUSE - CEMETERY SET - 2050 - DAY,0.0,11
tt0383028,154,EXT. BURNING HOUSE STREET (INT. WAREHOUSE SET) - 2050 -,0.0,14
tt0383028,155,INT. 31Y WALK-IN CLOSET (INT. WAREHOUSE SET) - 2050 - NIGHT,0.0,1
tt0383028,156,INT. 31Y HALLWAY (INT. WAREHOUSE SET) - 2050 - NIGHT,0.0,9
tt0383028,157,INT. 31Y WALK-IN CLOSET (INT. WAREHOUSE SET) - 2050 - NIGHT,0.0,1
tt0383028,158,INT. ELLEN'S KITCHEN - (2050) - MORNING,0.0,3
tt0383028,159,INT. ELLEN'S BEDROOM - (2050) - MORNING,0.0,0
tt0383028,160,EXT. FIELD - (2050) - DAY,0.0,4
tt0383028,161,INT. 31Y WALK-IN CLOSET (INT. WAREHOUSE SET) - 2050 -,0.0,2
tt0383028,162,INT. 31Y BATHROOM (INT. WAREHOUSE SET) - 2050 - MORNING,0.0,0
tt0383028,163,INT. APARTMENT 31Y (INT. WAREHOUSE SET) - 2051 - MORNING,0.0,1
tt0383028,164,INT. 31Y WALK-IN CLOSET (INT. WAREHOUSE SET) - 2051 - NIGHT,0.0,1
tt0383028,165,INT. 31Y WALK-IN CLOSET (INT. WAREHOUSE SET) - 2051 -,0.0,4
tt0383028,166,INT. 31Y WALK-IN CLOSET (INT. WAREHOUSE SET) - 2053 - NIGHT,0.0,0
tt0383028,167,INT. 31Y WALK-IN CLOSET (INT. WAREHOUSE SET) - 2055 - DAY,0.0,0
tt0383028,168,INT. 31Y HALLWAY (INT. WAREHOUSE SET) - 2055 - NIGHT,0.0,0
tt0383028,169,INT. WAREHOUSE - 31Y BUILDING STAIRWELL - 2055 - CONTINUOUS,0.0,0
tt0383028,170,EXT. CITY STREET (INT. WAREHOUSE SET) - 2055 - MORNING,0.0,0
tt0383028,171,A199 EXT. BURNING HOUSE (INT. WAREHOUSE SET) - 2055 - MORNING A199,0.0,0
tt0383028,172,B199 EXT. WAREHOUSE STREET (INT. WAREHOUSE SET) - 2055 - MORNINGB199,0.0,0
tt0383028,173,EXT. CITY STREET (INT. WAREHOUSE-WITHIN-WAREHOUSE SET) -,0.0,1
tt0383028,174,A200 EXT. WAREHOUSE STREET (INT. WAREHOUSE-WITHIN-WAREHOUSE SET)A200,0.0,1
tt0383028,175,EXT. CITY STREET (INT. WAREHOUSE-WITHIN-WAREHOUSE-WITHIN-,0.0,1
tt0383028,176,A201 EXT. WAREHOUSE STREET (INT. WAREHOUSE-WITHIN-WAREHOUSE- A201,0.0,2
tt0383028,177,EXT. BEACH (INT. WAREHOUSE-WITHIN-WAREHOUSE-WITHIN-,0.0,18
tt0167260,0,Screenplay by Fran Walsh & Philippa Boyens & Peter Jackson Based on the novels b,0.0,1
tt0167260,1,EXT. RIVER ANDUIN - DAY,0.0,4
tt0167260,2,"EXT. UNDERWATER, RIVER ANDUIN - DAY",0.0,0
tt0167260,3,"EXT. RIVER ANDUIN, GLADDEN FIELDS - DAY",0.0,4
tt0167260,4,INT. MISTY MOUNTAINS CAVES - DAY,0.0,5
tt0167260,5,"EXT. CULVERT, VALE OF MORGUL - DAWN",0.0,16
tt0167260,6,"EXT. CULVERT, VALE OF MORGUL - DAY",0.0,1
tt0167260,7,EXT. THE FOREST OF ISENGARD - DAY,0.0,0
tt0167260,8,EXT. ISENGARD GATE - DAY,0.0,16
tt0167260,9,EXT. EDORAS - DAY,0.0,0
tt0167260,10,"INT. EDORAS, GOLDEN HALL - EVENING",0.0,16
tt0167260,11,EXT. MORGUL VALLEY - NIGHT,0.0,42
tt0167260,12,"EXT. EDORAS, GOLDEN HALL - EARLY DAWN",0.0,2
tt0167260,13,"INT. EDORAS, SLEEPING QUARTERS - EARLY DAWN",0.0,7
tt0167260,14,EXT. EDORAS GOLDEN HALL - EARLY DAWN,0.0,1
tt0167260,15,"INT. EDORAS, SLEEPING QUARTERS - NIGHT",0.0,13
tt0167260,16,"INT. EDORAS, GOLDEN HALL - DAY",0.0,16
tt0167260,17,EXT. EDORAS STREETS - DAWN,0.0,9
tt0167260,18,INT. EDORAS STABLES - DAWN,0.0,11
tt0167260,19,EXT. EDORAS GATES LOOK-OUT - DAY,0.0,0
tt0167260,20,EXT. RIVENDELL FOREST - DAY,0.0,5
tt0167260,21,EXT. RIVENDELL - DAY,0.0,0
tt0167260,22,"EXT. ELROND'S BALCONY, RIVENDELL - DAY",0.0,14
tt0167260,23,"INT. ARWEN'S CHAMBER, RIVENDELL - NIGHT",0.0,5
tt0167260,24,EXT. FOOTHILLS OF WHITE MOUNTAINS - NIGHT,0.0,0
tt0167260,25,EXT. FOOTHILLS OF WHITE MOUNTAINS - DAY,0.0,1
tt0167260,26,EXT. MINAS TIRITH - DAWN,0.0,1
tt0167260,27,EXT. MINAS TIRITH STREETS - DAY,0.0,0
tt0167260,28,"EXT. MINAS TIRITH, COURT OF THE KINGS - DAY",0.0,6
tt0167260,29,INT. MINAS TIRITH TOWER HALL - DAY,0.0,15
tt0167260,30,"INT. MINAS TIRITH, PIPPIN'S QUARTERS - NIGHT",0.0,3
tt0167260,31,EXT. MINAS TIRITH BALCONY - NIGHT,0.0,18
tt0167260,32,EXT. MINAS MORGUL - NIGHT,0.0,11
tt0167260,33,EXT. MINAS TIRITH BALCONY - NIGHT,0.0,0
tt0167260,34,EXT. MINAS MORGUL - NIGHT,0.0,1
tt0167260,35,EXT. MINAS TIRITH BATTLEMENTS - NIGHT,0.0,0
tt0167260,36,EXT. MINAS MORGUL - NIGHT,0.0,1
tt0167260,37,EXT. MINAS TIRITH BALCONY - NIGHT,0.0,1
tt0167260,38,EXT. MINAS MORGUL - NIGHT,0.0,2
tt0167260,39,EXT. MINAS TIRITH BALCONY - NIGHT,0.0,1
tt0167260,40,EXT. MINAS TIRITH SIXTH LEVEL - NIGHT,0.0,2
tt0167260,41,"EXT. WEST OSGILIATH, RIVER ANDUIN - NIGHT",0.0,1
tt0167260,42,"EXT. WEST OSGILIATH, RIVER ANDUIN - NIGHT",0.0,3
tt0167260,43,EXT. MOUNT MINDOLLUIN - DAWN,0.0,0
tt0167260,44,EXT. MINAS TIRITH BEACON - DAWN,0.0,0
tt0167260,45,EXT. MINAS TIRITH STREETS - DAWN,0.0,0
tt0167260,46,EXT. MINAS TIRITH BEACON - DAWN,0.0,0
tt0167260,47,EXT. MINAS TIRITH STREETS,0.0,0
tt0167260,48,EXT. MINAS TIRITH BATTLEMENTS - DUSK,0.0,3
tt0167260,49,EXT. WHITE MOUNTAINS AERIAL - NIGHT,0.0,0
tt0167260,50,EXT. EDORAS COURTYARD - DAWN,0.0,0
tt0167260,51,"INT. EDORAS, GOLDEN HALL - DAWN",0.0,2
tt0167260,52,EXT. EDORAS COURTYARD - DAWN,0.0,8
tt0167260,53,EXT. PLAINS OF ROHAN - DAY,0.0,0
tt0167260,54,"EXT. WEST OSGILIATH, RIVER ANDUIN - DAY",0.0,6
tt0167260,55,EXT. PELENNOR FIELDS - DAY,0.0,0
tt0167260,56,EXT. PELENNOR FIELDS - DAY,0.0,0
tt0167260,57,EXT. MINAS TIRITH GATES - DAY,0.0,13
tt0167260,58,EXT. CIRITH UNGOL STAIRS - NIGHT,0.0,1
tt0167260,59,EXT. CIRITH UNGOL LEDGE - NIGHT,0.0,7
tt0167260,60,EXT.> OSGILIATH - DAY,0.0,3
tt0167260,61,EXT. MINAS TIRITH BATTLEMENTS - DAY,0.0,4
tt0167260,62,INT. MINAS TIRITH TOWER HALL - DAY,0.0,15
tt0167260,63,EXT. CIRITH UNGOL LEDGE - DAWN,0.0,35
tt0167260,64,EXT. MINAS TIRITH STREETS - DAY,0.0,4
tt0167260,65,EXT. MINAS TIRITH BATTLEMENTS - DAY,0.0,0
tt0167260,66,EXT. WEST OSGILIATH - DAY,0.0,0
tt0167260,67,"INT. TOWER HALL, MINAS TIRITH - DAY",0.0,4
tt0167260,68,EXT. PELENNOR FIELDS/OSGILIATH RUINS - DAY,0.0,0
tt0167260,69,"INT. TOWER HALL, MINAS TIRITH - DAY",0.0,0
tt0167260,70,EXT. MINAS TIRITH COURTYARD - DAY,0.0,0
tt0167260,71,EXT. OSGILIATH BRIDGE - DAY,0.0,0
tt0167260,72,EXT. DUNHARROW ENCAMPMENT - DUSK,0.0,5
tt0167260,73,EXT. DUNHARROW PLATEAU - DUSK,0.0,4
tt0167260,74,EXT. DUNHARROW PLATEAU - DUSK,0.0,8
tt0167260,75,EXT. DUNHARROW PLATEAU - DUSK,0.0,0
tt0167260,76,"INT. ÉOWYN'S TENT, DUNHARROW - NIGHT",0.0,4
tt0167260,77,EXT. DUNHARROW PLATEAU - NIGHT,0.0,6
tt0167260,78,EXT. DUNHARROW TRACK - NIGHT,0.0,3
tt0167260,79,EXT. DUNHARROW PLATEAU - NIGHT,0.0,0
tt0167260,80,"INT. THÉODEN'S TENT, DUNHARROW PLATEAU - NIGHT",0.0,22
tt0167260,81,EXT. DUNHARROW PLATEAU - NIGHT,0.0,7
tt0167260,82,EXT. DUNHARROW PLATEAU - NIGHT,0.0,4
tt0167260,83,EXT. DUNHARROW PLATEAU - NIGHT,0.0,7
tt0167260,84,"EXT. THÉODEN'S TENT, DUNHARROW PLATEAU - DAWN",0.0,5
tt0167260,85,EXT. DIMHOLT ROAD - DAY,0.0,2
tt0167260,86,EXT. DIMHOLT GLEN - DAY,0.0,6
tt0167260,87,EXT. DUNHARROW ENCAMPMENT - DAWN,0.0,0
tt0167260,88,EXT. DUNHARROW PLATEAU - DAWN,0.0,10
tt0167260,89,EXT. DUNHARROW VALLEY - DAWN,0.0,0
tt0167260,90,EXT. PELENNOR FIELDS/MINAS TIRITH - DAY,0.0,0
tt0167260,91,INT. PATHS OF THE DEAD CAVERN - DAY,0.0,16
tt0167260,92,EXT. PELENNOR FIELDS/MINAS TIRITH - DAY,0.0,0
tt0167260,93,EXT. MINAS TIRITH GATES - DAY,0.0,2
tt0167260,94,EXT. PELENNOR FIELDS/MINAS TIRITH - DAY,0.0,0
tt0167260,95,"INT. MINAS TIRITH, COURT OF THE KINGS - DAY",0.0,3
tt0167260,96,EXT. PELENNOR FIELDS/MINAS TIRITH - DAY,0.0,2
tt0167260,97,EXT. MINAS TIRITH STREETS - DAY,0.0,0
tt0167260,98,EXT. MINAS TIRITH COURT OF THE KINGS - DAY,0.0,11
tt0167260,99,EXT. MINAS TIRITH STREETS - DAY,0.0,1
tt0167260,100,EXT. MINAS TIRITH BATTLEMENTS - DAY,0.0,1
tt0167260,101,EXT. MINAS TIRITH - DAY,0.0,0
tt0167260,102,EXT. PELENNOR FIELDS/MINAS TIRITH - DAY,0.0,1
tt0167260,103,EXT. MINAS TIRITH BATTLEMENTS - DAY,0.0,0
tt0167260,104,EXT. PELENNOR FIELDS/MINAS TIRITH - DAY,0.0,0
tt0167260,105,EXT. MINAS TIRITH BATTLEMENTS - DAY,0.0,6
tt0167260,106,EXT. PELENNOR FIELDS - DUSK,0.0,0
tt0167260,107,..this is GROND ... the BATTERING RAM FROM HELL! The ORC are chanting as the BEA,0.0,1
tt0167260,108,EXT. MINAS TIRITH BATTLEMENTS - DUSK,0.0,0
tt0167260,109,"EXT. PASS OF CIRITH UNGOL, TUNNEL MOUTH - DAY",0.0,6
tt0167260,110,INT. SHELOB'S TUNNEL - DAY,0.0,11
tt0167260,111,EXT. CIRITH UNGOL STAIRS - DAY,0.0,0
tt0167260,112,INT. SHELOB'S TUNNEL - DAY,0.0,3
tt0167260,113,..just as he runs straight into a great COBWEB!,0.0,2
tt0167260,114,EXT. PASS OF CIRITH UNGOL - DAY,0.0,4
tt0167260,115,EXT. PASS OF CIRITH UNGOL - NIGHT,0.0,2
tt0167260,116,"EXT. FRODO'S DREAM, LOTHLÓRIEN - DAY",0.0,1
tt0167260,117,EXT. MINAS TIRITH STREETS - NIGHT,0.0,1
tt0167260,118,"EXT. MINAS TIRITH, COURT OF THE KINGS - NIGHT",0.0,0
tt0167260,119,"INT. MINAS TIRITH, STEWARD'S TOMB - NIGHT",0.0,2
tt0167260,120,EXT. MINAS TIRITH GATES - NIGHT,0.0,3
tt0167260,121,EXT. PASS OF CIRITH UNGOL - DAY,0.0,18
tt0167260,122,INT. MINAS TIRITH/STEWARD'S TOMB - NIGHT,0.0,6
tt0167260,123,EXT. MINAS TIRITH STREETS - NIGHT,0.0,2
tt0167260,124,EXT. PELENNOR FIELDS - NIGHT,0.0,1
tt0167260,125,EXT. MINAS TIRITH STREETS,0.0,1
tt0167260,126,EXT. PELENNOR FIELDS - DAWN,0.0,14
tt0167260,127,..A JAW DROPPING SIGHT!,0.0,0
tt0167260,128,EXT. MINAS TIRITH STREETS - DAWN,0.0,3
tt0167260,129,EXT. PELENNOR FIELDS - DAWN,0.0,0
tt0167260,130,"INT. MINAS TIRITH, STEWARD'S TOMB - DAWN",0.0,5
tt0167260,131,EXT. MINAS TIRITH - DAY,0.0,0
tt0167260,132,EXT. PELENNOR FIELDS - DAY,0.0,5
tt0167260,133,EXT. MINAS TIRITH - DAWN,0.0,0
tt0167260,134,"EXT. THE SIXTH GATE, MINAS TIRITH - DAWN",0.0,9
tt0167260,135,EXT. PELENNOR FIELDS - DAY,0.0,4
tt0167260,136,EXT. MINAS TIRITH DOCKS - DAY,0.0,2
tt0167260,137,EXT. PELENNOR FIELDS - DAY,0.0,11
tt0167260,138,"EXT. PELENNOR FIELDS, MINAS TIRITH - DAY",0.0,9
tt0167260,139,EXT. TOWER OF CIRITH UNGOL - NIGHT,0.0,0
tt0167260,140,INT. TOWER OF CIRITH UNGOL/TOP ROOM - NIGHT,0.0,4
tt0167260,141,INT. TOWER OF CIRITH UNGOL/GUARD ROOM - NIGHT,0.0,1
tt0167260,142,EXT. TOWER OF CIRITH UNGOL/COURTYARD - NIGHT,0.0,0
tt0167260,143,EXT. PASS OF CIRITH UNGOL - NIGHT,0.0,0
tt0167260,144,EXT. TOWER OF CIRITH UNGOL/COURTYARD,0.0,3
tt0167260,145,INT. TOWER OF CIRITH UNGOL/TOP ROOM - NIGHT,0.0,14
tt0167260,146,EXT. PASS OF CIRITH UNGOL - NIGHT,0.0,4
tt0167260,147,"INT. MINAS TIRITH, TOWER HALL - DAY",0.0,15
tt0167260,148,EXT. PELENNOR FIELDS - DUSK,0.0,0
tt0167260,149,EXT. PLAINS OF GORGOROTH - NIGHT,0.0,0
tt0167260,150,"EXT. ORC ROAD, MORDOR - NIGHT",0.0,1
tt0167260,151,"EXT. GORGOROTH PLAIN, MORDOR - DAWN",0.0,0
tt0167260,152,EXT. BLACK GATES OF MORDOR - DAY,0.0,0
tt0167260,153,"EXT. GORGOROTH PLAIN, MORDOR - DAY",0.0,3
tt0167260,154,EXT. BLACK GATES OF MORDOR - DAY,0.0,0
tt0167260,155,EXT. PLAINS OF GORGOROTH - DAY,0.0,1
tt0167260,156,EXT. BLACK GATES OF MORDOR - NIGHT,0.0,1
tt0167260,157,EXT. PLAINS OF GORGOROTH - NIGHT,0.0,0
tt0167260,158,EXT. BLACK GATES OF MORDOR - NIGHT,0.0,1
tt0167260,159,EXT. PLAINS OF GORGOROTH - NIGHT,0.0,0
tt0167260,160,EXT. BLACK GATES OF MORDOR - NIGHT,0.0,1
tt0167260,161,EXT. PLAINS OF GORGOROTH - NIGHT,0.0,2
tt0167260,162,EXT. BLACK GATES OF MORDOR - DAY,0.0,3
tt0167260,163,EXT. MOUNT DOOM - NIGHT,0.0,0
tt0167260,164,EXT. BLACK GATES OF MORDOR - DAY,0.0,0
tt0167260,165,EXT. MOUNT DOOM - NIGHT,0.0,0
tt0167260,166,EXT. BLACK GATES OF MORDOR - NIGHT,0.0,3
tt0167260,167,"EXT. GORGOROTH PAIN, MORDOR - NIGHT",0.0,5
tt0167260,168,EXT. BLACK GATES ON MORDOR - DAY,0.0,1
tt0167260,169,EXT. SLOPES OF MOUNT DOOM - DAY,0.0,2
tt0167260,170,EXT. BLACK GATES OF MORDOR - DAY,0.0,0
tt0167260,171,EXT. SLOPES OF MOUNT DOOM - DAY,0.0,1
tt0167260,172,EXT. BLACK GATES OF MORDOR - DAY1,0.0,2
tt0167260,173,"EXT. DOOR OF SAMMATH NAUR, MOUNT DOOM - DAY",0.0,0
tt0167260,174,INT. THE CRACK OF DOOM TUNNEL - DAY,0.0,1
tt0167260,175,INT. CRACK OF DOOM - DAY,0.0,5
tt0167260,176,EXT. BLACK GATES OF MORDOR - DAY,0.0,0
tt0167260,177,INT. CRACK OF DOOM - DAY,0.0,0
tt0167260,178,EXT. BLACK GATES OF MORDOR - DAY,0.0,0
tt0167260,179,INT. CRACK OF DOOM,0.0,0
tt0167260,180,EXT. BLACK GATE OF MORDOR - DAY,0.0,0
tt0167260,181,INT. CRACK OF DOOM - DAY,0.0,0
tt0167260,182,EXT. BLACK GATES OF MORDOR - DAY,0.0,0
tt0167260,183,INT. CRACK OF DOOM,0.0,1
tt0167260,184,.. POWERFUL ... EVIL...,0.0,0
tt0167260,185,EXT. BLACK GATES OF MORDOR - DAY,0.0,0
tt0167260,186,INT. CRACK OF DOOM,0.0,5
tt0167260,187,EXT. BLACK GATES OF MORDOR - DAY,0.0,0
tt0167260,188,EXT. BARAD-DÛR - DAY,0.0,0
tt0167260,189,EXT. BLACK GATES OF MORDOR - DAY,0.0,0
tt0167260,190,EXT. SLOPES OF MOUNT DOOM - DAY,0.0,6
tt0167260,191,"INT. MINAS TIRITH, HOUSES OF HEALING - DAY",0.0,1
tt0167260,192,..as MERRY and PIPPIN run in ... jumping on the bed and hugging FRODO...,0.0,0
tt0167260,193,..finally FRODO'S eyes fall upon a FIGURE standing apart from the others ... it ,0.0,0
tt0167260,194,"EXT. MINAS TIRITH, COURT OF THE KINGS - DAY",0.0,8
tt0167260,195,EXT. MIDDLE EARTH MAP - DAY,0.0,1
tt0167260,196,EXT. HOBBITON - DUSK,0.0,1
tt0167260,197,INT. THE GREEN DRAGON INN - NIGHT,0.0,0
tt0167260,198,EXT. HOBBITON - DAY,0.0,0
tt0167260,199,INT. BAG END - DAY,0.0,8
tt0167260,200,EXT. HOBBITON FIELDS - EARLY MORNING,0.0,1
tt0167260,201,EXT. WEST FARTHING - DAY,0.0,2
tt0167260,202,INT. WAGON - DAY,0.0,3
tt0167260,203,EXT. THE GREY HAVENS - DUSK,0.0,1
tt0167260,204,"..to reveal a WHITE SHIP, ready to depart from a WHITE",0.0,11
tt0167260,205,EXT. NO.3 BAGSHOT ROW - MORNING,0.0,4
tt0118715,0,THE BIG LEBOWSKI,0.0,2
tt0118715,1,INTERIOR   RALPH'S,0.0,5
tt0118715,2,EXTERIOR  RALPH'S,-0.125,1094
