feature_group,model_family,eval_set,target,metric,task,phase_3a_floor,phase_3c_actual,lift,predicted_lift_low,predicted_lift_high,in_predicted_band,ci_lo,ci_hi
all_five,linear,train,log_roi,mse,regression,1.7418,1.6704,-0.0715,,,,1.3755,2.0402
all_five,linear,train,log_roi,rmse,regression,1.3198,1.2924,-0.0274,-0.025,-0.005,,1.1728,1.4283
all_five,linear,train,log_roi,mae,regression,0.9364,0.9096,-0.0268,,,,0.8597,0.9605
all_five,linear,train,log_roi,cvrmse,regression,0.9795,0.9592,-0.0203,,,,0.8861,1.0406
all_five,linear,oof,log_roi,mse,regression,1.7915,1.8107,0.0192,,,,1.5002,2.2048
all_five,linear,oof,log_roi,rmse,regression,1.3385,1.3456,0.0072,-0.025,-0.005,False,1.2248,1.4849
all_five,linear,oof,log_roi,mae,regression,0.9484,0.948,-0.0004,,,,0.896,1.0011
all_five,linear,oof,log_roi,cvrmse,regression,0.9934,0.9987,0.0053,,,,0.9239,1.0814
all_five,linear,train,roi_gt_1,auc_roc,classification,0.6351,0.7616,0.1265,0.02,0.04,,0.727,0.7992
all_five,linear,train,roi_gt_1,pr_auc,classification,0.8821,0.9244,0.0424,,,,0.907,0.9416
all_five,linear,train,roi_gt_1,log_loss,classification,0.4666,0.4174,-0.0492,,,,0.3843,0.449
all_five,linear,train,roi_gt_1,f1,classification,0.8952,0.8937,-0.0015,,,,0.8796,0.9081
all_five,linear,oof,roi_gt_1,auc_roc,classification,0.5581,0.5526,-0.0054,0.02,0.04,False,0.5118,0.5953
all_five,linear,oof,roi_gt_1,pr_auc,classification,0.8463,0.8325,-0.0139,,,,0.805,0.8631
all_five,linear,oof,roi_gt_1,log_loss,classification,0.4928,0.6406,0.1478,,,,0.5546,0.734
all_five,linear,oof,roi_gt_1,f1,classification,0.8934,0.8679,-0.0255,,,,0.8541,0.8832
all_five,linear,train,roi_gt_2,auc_roc,classification,0.6401,0.6984,0.0583,0.01,0.03,,0.6684,0.7299
all_five,linear,train,roi_gt_2,pr_auc,classification,0.7647,0.8027,0.038,,,,0.7741,0.832
all_five,linear,train,roi_gt_2,log_loss,classification,0.6205,0.6037,-0.0169,,,,0.586,0.6202
all_five,linear,train,roi_gt_2,f1,classification,0.7756,0.7916,0.016,,,,0.7728,0.8119
all_five,linear,oof,roi_gt_2,auc_roc,classification,0.6017,0.6123,0.0107,0.01,0.03,True,0.5789,0.6436
all_five,linear,oof,roi_gt_2,pr_auc,classification,0.7386,0.7365,-0.0021,,,,0.7018,0.7712
all_five,linear,oof,roi_gt_2,log_loss,classification,0.6352,0.6344,-0.0008,,,,0.6177,0.6507
all_five,linear,oof,roi_gt_2,f1,classification,0.7769,0.7827,0.0059,,,,0.7631,0.8018
all_five,histgb,train,log_roi,mse,regression,1.4509,1.1139,-0.337,,,,0.9324,1.3298
all_five,histgb,train,log_roi,rmse,regression,1.2045,1.0554,-0.1491,-0.025,-0.005,,0.9656,1.1532
all_five,histgb,train,log_roi,mae,regression,0.8576,0.7453,-0.1122,,,,0.7033,0.7862
all_five,histgb,train,log_roi,cvrmse,regression,0.894,0.7833,-0.1107,,,,0.7267,0.8435
all_five,histgb,oof,log_roi,mse,regression,1.7606,1.7673,0.0067,,,,1.4667,2.1393
all_five,histgb,oof,log_roi,rmse,regression,1.3269,1.3294,0.0025,-0.025,-0.005,,1.2111,1.4627
all_five,histgb,oof,log_roi,mae,regression,0.9432,0.9417,-0.0015,,,,0.8889,0.9922
all_five,histgb,oof,log_roi,cvrmse,regression,0.9847,0.9866,0.0019,,,,0.9115,1.0653
all_five,histgb,train,roi_gt_1,auc_roc,classification,0.7754,0.9162,0.1408,0.02,0.04,,0.895,0.9369
all_five,histgb,train,roi_gt_1,pr_auc,classification,0.9356,0.9745,0.0389,,,,0.9652,0.9834
all_five,histgb,train,roi_gt_1,log_loss,classification,0.4521,0.3914,-0.0608,,,,0.3647,0.4153
all_five,histgb,train,roi_gt_1,f1,classification,0.8947,0.8994,0.0047,,,,0.8869,0.9131
all_five,histgb,oof,roi_gt_1,auc_roc,classification,0.5524,0.5343,-0.018,0.02,0.04,,0.4925,0.5768
all_five,histgb,oof,roi_gt_1,pr_auc,classification,0.8427,0.8294,-0.0133,,,,0.8032,0.8582
all_five,histgb,oof,roi_gt_1,log_loss,classification,0.4861,0.49,0.0039,,,,0.4542,0.5214
all_five,histgb,oof,roi_gt_1,f1,classification,0.8929,0.8937,0.0008,,,,0.8812,0.9083
all_five,histgb,train,roi_gt_2,auc_roc,classification,0.8112,0.9235,0.1123,0.01,0.03,,0.9093,0.9379
all_five,histgb,train,roi_gt_2,pr_auc,classification,0.892,0.9574,0.0654,,,,0.9477,0.9667
all_five,histgb,train,roi_gt_2,log_loss,classification,0.5592,0.5202,-0.039,,,,0.5059,0.5333
all_five,histgb,train,roi_gt_2,f1,classification,0.8091,0.828,0.0189,,,,0.8107,0.8464
all_five,histgb,oof,roi_gt_2,auc_roc,classification,0.6098,0.5757,-0.0341,0.01,0.03,,0.5448,0.6089
all_five,histgb,oof,roi_gt_2,pr_auc,classification,0.731,0.7013,-0.0297,,,,0.6668,0.7401
all_five,histgb,oof,roi_gt_2,log_loss,classification,0.6349,0.6532,0.0183,,,,0.632,0.6735
all_five,histgb,oof,roi_gt_2,f1,classification,0.7767,0.7663,-0.0105,,,,0.7451,0.7878
all_five,knn,train,log_roi,mse,regression,0.0,0.0,0.0,,,,0.0,0.0
all_five,knn,train,log_roi,rmse,regression,0.0,0.0,0.0,-0.025,-0.005,,0.0,0.0
all_five,knn,train,log_roi,mae,regression,0.0,0.0,0.0,,,,0.0,0.0
all_five,knn,train,log_roi,cvrmse,regression,0.0,0.0,0.0,,,,0.0,0.0
all_five,knn,oof,log_roi,mse,regression,1.8602,1.8913,0.0311,,,,1.5706,2.2875
all_five,knn,oof,log_roi,rmse,regression,1.3639,1.3752,0.0114,-0.025,-0.005,,1.2533,1.5125
all_five,knn,oof,log_roi,mae,regression,0.9719,0.9832,0.0113,,,,0.9289,1.0362
all_five,knn,oof,log_roi,cvrmse,regression,1.0122,1.0206,0.0084,,,,0.9472,1.1017
all_five,knn,train,roi_gt_1,auc_roc,classification,1.0,1.0,0.0,0.02,0.04,,1.0,1.0
all_five,knn,train,roi_gt_1,pr_auc,classification,1.0,1.0,0.0,,,,1.0,1.0
all_five,knn,train,roi_gt_1,log_loss,classification,0.0,0.0,0.0,,,,0.0,0.0
all_five,knn,train,roi_gt_1,f1,classification,1.0,1.0,0.0,,,,1.0,1.0
all_five,knn,oof,roi_gt_1,auc_roc,classification,0.5265,0.5456,0.0191,0.02,0.04,,0.5056,0.5867
all_five,knn,oof,roi_gt_1,pr_auc,classification,0.8288,0.8368,0.0081,,,,0.8097,0.8672
all_five,knn,oof,roi_gt_1,log_loss,classification,0.5933,0.557,-0.0364,,,,0.4787,0.6636
all_five,knn,oof,roi_gt_1,f1,classification,0.8939,0.8929,-0.001,,,,0.8794,0.9075
all_five,knn,train,roi_gt_2,auc_roc,classification,1.0,1.0,0.0,0.01,0.03,,1.0,1.0
all_five,knn,train,roi_gt_2,pr_auc,classification,1.0,1.0,0.0,,,,1.0,1.0
all_five,knn,train,roi_gt_2,log_loss,classification,0.0,0.0,0.0,,,,0.0,0.0
all_five,knn,train,roi_gt_2,f1,classification,1.0,1.0,0.0,,,,1.0,1.0
all_five,knn,oof,roi_gt_2,auc_roc,classification,0.5782,0.5594,-0.0188,0.01,0.03,,0.5245,0.592
all_five,knn,oof,roi_gt_2,pr_auc,classification,0.7252,0.686,-0.0392,,,,0.6506,0.7239
all_five,knn,oof,roi_gt_2,log_loss,classification,0.6478,0.6571,0.0093,,,,0.6364,0.6785
all_five,knn,oof,roi_gt_2,f1,classification,0.7407,0.7639,0.0231,,,,0.7424,0.7855
all_five,svm,train,log_roi,mse,regression,1.5507,1.133,-0.4176,,,,0.8607,1.4863
all_five,svm,train,log_roi,rmse,regression,1.2453,1.0644,-0.1808,-0.025,-0.005,,0.9277,1.2191
all_five,svm,train,log_roi,mae,regression,0.8157,0.6087,-0.207,,,,0.5623,0.6573
all_five,svm,train,log_roi,cvrmse,regression,0.9242,0.79,-0.1342,,,,0.7033,0.8876
all_five,svm,oof,log_roi,mse,regression,1.8424,1.8126,-0.0298,,,,1.5009,2.1968
all_five,svm,oof,log_roi,rmse,regression,1.3573,1.3463,-0.011,-0.025,-0.005,,1.2251,1.4822
all_five,svm,oof,log_roi,mae,regression,0.9536,0.948,-0.0056,,,,0.8969,1.0007
all_five,svm,oof,log_roi,cvrmse,regression,1.0074,0.9992,-0.0082,,,,0.9236,1.0792
all_five,svm,train,roi_gt_1,auc_roc,classification,0.888,0.9985,0.1105,0.02,0.04,,0.9962,1.0
all_five,svm,train,roi_gt_1,pr_auc,classification,0.965,0.9997,0.0347,,,,0.9992,1.0
all_five,svm,train,roi_gt_1,log_loss,classification,,,,,,,,
all_five,svm,train,roi_gt_1,f1,classification,0.8952,0.8981,0.0029,,,,0.8855,0.912
all_five,svm,oof,roi_gt_1,auc_roc,classification,0.5043,0.5607,0.0564,0.02,0.04,,0.5217,0.6005
all_five,svm,oof,roi_gt_1,pr_auc,classification,0.8314,0.8411,0.0098,,,,0.8154,0.867
all_five,svm,oof,roi_gt_1,log_loss,classification,,,,,,,,
all_five,svm,oof,roi_gt_1,f1,classification,0.8939,0.8934,-0.0005,,,,0.88,0.908
all_five,svm,train,roi_gt_2,auc_roc,classification,0.8072,0.962,0.1548,0.01,0.03,,0.95,0.9723
all_five,svm,train,roi_gt_2,pr_auc,classification,0.8617,0.9732,0.1116,,,,0.9588,0.9843
all_five,svm,train,roi_gt_2,log_loss,classification,,,,,,,,
all_five,svm,train,roi_gt_2,f1,classification,0.7898,0.853,0.0632,,,,0.8353,0.8708
all_five,svm,oof,roi_gt_2,auc_roc,classification,0.5337,0.5966,0.0629,0.01,0.03,,0.5649,0.631
all_five,svm,oof,roi_gt_2,pr_auc,classification,0.6763,0.7071,0.0309,,,,0.6726,0.7448
all_five,svm,oof,roi_gt_2,log_loss,classification,,,,,,,,
all_five,svm,oof,roi_gt_2,f1,classification,0.7839,0.7812,-0.0027,,,,0.7606,0.801
partial_positives,linear,train,log_roi,mse,regression,1.7418,1.6925,-0.0493,,,,1.3992,2.0687
partial_positives,linear,train,log_roi,rmse,regression,1.3198,1.301,-0.0188,-0.025,-0.01,,1.1829,1.4383
partial_positives,linear,train,log_roi,mae,regression,0.9364,0.9154,-0.021,,,,0.8646,0.966
partial_positives,linear,train,log_roi,cvrmse,regression,0.9795,0.9655,-0.014,,,,0.8926,1.0478
partial_positives,linear,oof,log_roi,mse,regression,1.7915,1.8085,0.017,,,,1.4994,2.2024
partial_positives,linear,oof,log_roi,rmse,regression,1.3385,1.3448,0.0063,-0.025,-0.01,False,1.2245,1.484
partial_positives,linear,oof,log_roi,mae,regression,0.9484,0.9503,0.0019,,,,0.8981,1.0034
partial_positives,linear,oof,log_roi,cvrmse,regression,0.9934,0.9981,0.0047,,,,0.9227,1.0799
partial_positives,linear,train,roi_gt_1,auc_roc,classification,0.6351,0.742,0.1069,0.025,0.045,,0.7071,0.7788
partial_positives,linear,train,roi_gt_1,pr_auc,classification,0.8821,0.9174,0.0353,,,,0.8995,0.9356
partial_positives,linear,train,roi_gt_1,log_loss,classification,0.4666,0.4275,-0.0391,,,,0.3939,0.4595
partial_positives,linear,train,roi_gt_1,f1,classification,0.8952,0.8962,0.0009,,,,0.8828,0.9102
partial_positives,linear,oof,roi_gt_1,auc_roc,classification,0.5581,0.5697,0.0116,0.025,0.045,False,0.5291,0.6105
partial_positives,linear,oof,roi_gt_1,pr_auc,classification,0.8463,0.8444,-0.0019,,,,0.8174,0.8728
partial_positives,linear,oof,roi_gt_1,log_loss,classification,0.4928,0.5157,0.0229,,,,0.4738,0.5568
partial_positives,linear,oof,roi_gt_1,f1,classification,0.8934,0.89,-0.0034,,,,0.8771,0.9046
partial_positives,linear,train,roi_gt_2,auc_roc,classification,0.6401,0.6855,0.0453,0.015,0.035,,0.6556,0.7165
partial_positives,linear,train,roi_gt_2,pr_auc,classification,0.7647,0.7968,0.0321,,,,0.767,0.8277
partial_positives,linear,train,roi_gt_2,log_loss,classification,0.6205,0.6098,-0.0107,,,,0.5922,0.626
partial_positives,linear,train,roi_gt_2,f1,classification,0.7756,0.7902,0.0147,,,,0.7709,0.8108
partial_positives,linear,oof,roi_gt_2,auc_roc,classification,0.6017,0.5989,-0.0028,0.015,0.035,False,0.5666,0.6325
partial_positives,linear,oof,roi_gt_2,pr_auc,classification,0.7386,0.7135,-0.0251,,,,0.6792,0.7532
partial_positives,linear,oof,roi_gt_2,log_loss,classification,0.6352,0.6473,0.0121,,,,0.6267,0.667
partial_positives,linear,oof,roi_gt_2,f1,classification,0.7769,0.7754,-0.0014,,,,0.7556,0.7965
partial_positives,histgb,train,log_roi,mse,regression,1.4509,1.1905,-0.2604,,,,0.9934,1.4253
partial_positives,histgb,train,log_roi,rmse,regression,1.2045,1.0911,-0.1134,-0.025,-0.01,,0.9967,1.1939
partial_positives,histgb,train,log_roi,mae,regression,0.8576,0.7716,-0.086,,,,0.7278,0.8144
partial_positives,histgb,train,log_roi,cvrmse,regression,0.894,0.8098,-0.0842,,,,0.7515,0.8727
partial_positives,histgb,oof,log_roi,mse,regression,1.7606,1.7656,0.005,,,,1.474,2.1266
partial_positives,histgb,oof,log_roi,rmse,regression,1.3269,1.3288,0.0019,-0.025,-0.01,,1.2141,1.4583
partial_positives,histgb,oof,log_roi,mae,regression,0.9432,0.9519,0.0087,,,,0.8997,1.0025
partial_positives,histgb,oof,log_roi,cvrmse,regression,0.9847,0.9862,0.0014,,,,0.9135,1.0631
partial_positives,histgb,train,roi_gt_1,auc_roc,classification,0.7754,0.8093,0.0339,0.025,0.045,,0.7765,0.8405
partial_positives,histgb,train,roi_gt_1,pr_auc,classification,0.9356,0.939,0.0033,,,,0.9232,0.9546
partial_positives,histgb,train,roi_gt_1,log_loss,classification,0.4521,0.4496,-0.0026,,,,0.418,0.4768
partial_positives,histgb,train,roi_gt_1,f1,classification,0.8947,0.8944,-0.0003,,,,0.881,0.909
partial_positives,histgb,oof,roi_gt_1,auc_roc,classification,0.5524,0.5272,-0.0252,0.025,0.045,,0.4872,0.568
partial_positives,histgb,oof,roi_gt_1,pr_auc,classification,0.8427,0.8251,-0.0176,,,,0.7988,0.8554
partial_positives,histgb,oof,roi_gt_1,log_loss,classification,0.4861,0.4913,0.0052,,,,0.457,0.5212
partial_positives,histgb,oof,roi_gt_1,f1,classification,0.8929,0.8934,0.0005,,,,0.88,0.908
partial_positives,histgb,train,roi_gt_2,auc_roc,classification,0.8112,0.9255,0.1143,0.015,0.035,,0.9125,0.9394
partial_positives,histgb,train,roi_gt_2,pr_auc,classification,0.892,0.9585,0.0666,,,,0.95,0.9676
partial_positives,histgb,train,roi_gt_2,log_loss,classification,0.5592,0.4996,-0.0596,,,,0.4853,0.5132
partial_positives,histgb,train,roi_gt_2,f1,classification,0.8091,0.8482,0.039,,,,0.8318,0.8646
partial_positives,histgb,oof,roi_gt_2,auc_roc,classification,0.6098,0.5946,-0.0152,0.015,0.035,,0.5621,0.6272
partial_positives,histgb,oof,roi_gt_2,pr_auc,classification,0.731,0.7172,-0.0138,,,,0.682,0.755
partial_positives,histgb,oof,roi_gt_2,log_loss,classification,0.6349,0.6433,0.0084,,,,0.6217,0.6638
partial_positives,histgb,oof,roi_gt_2,f1,classification,0.7767,0.7678,-0.0089,,,,0.7469,0.7894
partial_positives,knn,train,log_roi,mse,regression,0.0,0.0,0.0,,,,0.0,0.0
partial_positives,knn,train,log_roi,rmse,regression,0.0,0.0,0.0,-0.025,-0.01,,0.0,0.0
partial_positives,knn,train,log_roi,mae,regression,0.0,0.0,0.0,,,,0.0,0.0
partial_positives,knn,train,log_roi,cvrmse,regression,0.0,0.0,0.0,,,,0.0,0.0
partial_positives,knn,oof,log_roi,mse,regression,1.8602,1.8694,0.0092,,,,1.5677,2.251
partial_positives,knn,oof,log_roi,rmse,regression,1.3639,1.3673,0.0034,-0.025,-0.01,,1.2521,1.5003
partial_positives,knn,oof,log_roi,mae,regression,0.9719,0.9719,0.0,,,,0.9206,1.0274
partial_positives,knn,oof,log_roi,cvrmse,regression,1.0122,1.0147,0.0025,,,,0.9454,1.0904
partial_positives,knn,train,roi_gt_1,auc_roc,classification,1.0,1.0,0.0,0.025,0.045,,1.0,1.0
partial_positives,knn,train,roi_gt_1,pr_auc,classification,1.0,1.0,0.0,,,,1.0,1.0
partial_positives,knn,train,roi_gt_1,log_loss,classification,0.0,0.0,0.0,,,,0.0,0.0
partial_positives,knn,train,roi_gt_1,f1,classification,1.0,1.0,0.0,,,,1.0,1.0
partial_positives,knn,oof,roi_gt_1,auc_roc,classification,0.5265,0.5495,0.023,0.025,0.045,,0.5108,0.5908
partial_positives,knn,oof,roi_gt_1,pr_auc,classification,0.8288,0.8415,0.0127,,,,0.8163,0.8697
partial_positives,knn,oof,roi_gt_1,log_loss,classification,0.5933,0.5557,-0.0376,,,,0.479,0.6481
partial_positives,knn,oof,roi_gt_1,f1,classification,0.8939,0.8929,-0.001,,,,0.8794,0.9075
partial_positives,knn,train,roi_gt_2,auc_roc,classification,1.0,1.0,0.0,0.015,0.035,,1.0,1.0
partial_positives,knn,train,roi_gt_2,pr_auc,classification,1.0,1.0,0.0,,,,1.0,1.0
partial_positives,knn,train,roi_gt_2,log_loss,classification,0.0,0.0,0.0,,,,0.0,0.0
partial_positives,knn,train,roi_gt_2,f1,classification,1.0,1.0,0.0,,,,1.0,1.0
partial_positives,knn,oof,roi_gt_2,auc_roc,classification,0.5782,0.5664,-0.0118,0.015,0.035,,0.5351,0.5988
partial_positives,knn,oof,roi_gt_2,pr_auc,classification,0.7252,0.7125,-0.0127,,,,0.6801,0.7498
partial_positives,knn,oof,roi_gt_2,log_loss,classification,0.6478,0.6527,0.0049,,,,0.6329,0.6717
partial_positives,knn,oof,roi_gt_2,f1,classification,0.7407,0.7489,0.0082,,,,0.7264,0.7707
partial_positives,svm,train,log_roi,mse,regression,1.5507,1.1587,-0.392,,,,0.8823,1.5224
partial_positives,svm,train,log_roi,rmse,regression,1.2453,1.0764,-0.1688,-0.025,-0.01,,0.9393,1.2338
partial_positives,svm,train,log_roi,mae,regression,0.8157,0.6246,-0.1911,,,,0.5759,0.6732
partial_positives,svm,train,log_roi,cvrmse,regression,0.9242,0.7989,-0.1253,,,,0.7098,0.8985
partial_positives,svm,oof,log_roi,mse,regression,1.8424,1.7936,-0.0488,,,,1.4809,2.1879
partial_positives,svm,oof,log_roi,rmse,regression,1.3573,1.3392,-0.0181,-0.025,-0.01,,1.2169,1.4791
partial_positives,svm,oof,log_roi,mae,regression,0.9536,0.9402,-0.0134,,,,0.8894,0.9946
partial_positives,svm,oof,log_roi,cvrmse,regression,1.0074,0.9939,-0.0134,,,,0.9179,1.0766
partial_positives,svm,train,roi_gt_1,auc_roc,classification,0.888,0.9982,0.1102,0.025,0.045,,0.996,0.9998
partial_positives,svm,train,roi_gt_1,pr_auc,classification,0.965,0.9996,0.0347,,,,0.9992,1.0
partial_positives,svm,train,roi_gt_1,log_loss,classification,,,,,,,,
partial_positives,svm,train,roi_gt_1,f1,classification,0.8952,0.8973,0.0021,,,,0.8844,0.9116
partial_positives,svm,oof,roi_gt_1,auc_roc,classification,0.5043,0.5581,0.0538,0.025,0.045,,0.5169,0.5979
partial_positives,svm,oof,roi_gt_1,pr_auc,classification,0.8314,0.8383,0.0069,,,,0.8117,0.8687
partial_positives,svm,oof,roi_gt_1,log_loss,classification,,,,,,,,
partial_positives,svm,oof,roi_gt_1,f1,classification,0.8939,0.8934,-0.0005,,,,0.88,0.908
partial_positives,svm,train,roi_gt_2,auc_roc,classification,0.8072,0.9511,0.1439,0.015,0.035,,0.9381,0.9628
partial_positives,svm,train,roi_gt_2,pr_auc,classification,0.8617,0.9689,0.1072,,,,0.9561,0.9796
partial_positives,svm,train,roi_gt_2,log_loss,classification,,,,,,,,
partial_positives,svm,train,roi_gt_2,f1,classification,0.7898,0.8407,0.0509,,,,0.8229,0.8588
partial_positives,svm,oof,roi_gt_2,auc_roc,classification,0.5337,0.5972,0.0634,0.015,0.035,,0.5643,0.6309
partial_positives,svm,oof,roi_gt_2,pr_auc,classification,0.6763,0.7139,0.0377,,,,0.6801,0.7518
partial_positives,svm,oof,roi_gt_2,log_loss,classification,,,,,,,,
partial_positives,svm,oof,roi_gt_2,f1,classification,0.7839,0.7741,-0.0098,,,,0.7538,0.7957
topic_plus_cn,linear,train,log_roi,mse,regression,1.7418,1.6917,-0.0502,,,,1.4039,2.0589
topic_plus_cn,linear,train,log_roi,rmse,regression,1.3198,1.3006,-0.0192,-0.005,0.01,,1.1849,1.4349
topic_plus_cn,linear,train,log_roi,mae,regression,0.9364,0.9196,-0.0168,,,,0.8688,0.9714
topic_plus_cn,linear,train,log_roi,cvrmse,regression,0.9795,0.9653,-0.0142,,,,0.8926,1.0447
topic_plus_cn,linear,oof,log_roi,mse,regression,1.7915,1.8673,0.0758,,,,1.556,2.2563
topic_plus_cn,linear,oof,log_roi,rmse,regression,1.3385,1.3665,0.028,-0.005,0.01,False,1.2474,1.5021
topic_plus_cn,linear,oof,log_roi,mae,regression,0.9484,0.9648,0.0165,,,,0.9104,1.0182
topic_plus_cn,linear,oof,log_roi,cvrmse,regression,0.9934,1.0141,0.0208,,,,0.9404,1.0945
topic_plus_cn,linear,train,roi_gt_1,auc_roc,classification,0.6351,0.71,0.0749,0.025,0.04,,0.6724,0.7494
topic_plus_cn,linear,train,roi_gt_1,pr_auc,classification,0.8821,0.9033,0.0212,,,,0.8819,0.9248
topic_plus_cn,linear,train,roi_gt_1,log_loss,classification,0.4666,0.4449,-0.0217,,,,0.4118,0.4778
topic_plus_cn,linear,train,roi_gt_1,f1,classification,0.8952,0.8952,-0.0001,,,,0.8827,0.9089
topic_plus_cn,linear,oof,roi_gt_1,auc_roc,classification,0.5581,0.5792,0.0211,0.025,0.04,False,0.5396,0.6215
topic_plus_cn,linear,oof,roi_gt_1,pr_auc,classification,0.8463,0.8502,0.0039,,,,0.8246,0.8791
topic_plus_cn,linear,oof,roi_gt_1,log_loss,classification,0.4928,0.5029,0.0101,,,,0.464,0.5418
topic_plus_cn,linear,oof,roi_gt_1,f1,classification,0.8934,0.8896,-0.0038,,,,0.8762,0.9032
topic_plus_cn,linear,train,roi_gt_2,auc_roc,classification,0.6401,0.6954,0.0553,0.015,0.03,,0.6656,0.7279
topic_plus_cn,linear,train,roi_gt_2,pr_auc,classification,0.7647,0.7947,0.03,,,,0.767,0.8242
topic_plus_cn,linear,train,roi_gt_2,log_loss,classification,0.6205,0.5964,-0.0242,,,,0.5753,0.6168
topic_plus_cn,linear,train,roi_gt_2,f1,classification,0.7756,0.7839,0.0084,,,,0.7634,0.8048
topic_plus_cn,linear,oof,roi_gt_2,auc_roc,classification,0.6017,0.6223,0.0207,0.015,0.03,True,0.591,0.6553
topic_plus_cn,linear,oof,roi_gt_2,pr_auc,classification,0.7386,0.7407,0.0021,,,,0.7084,0.7755
topic_plus_cn,linear,oof,roi_gt_2,log_loss,classification,0.6352,0.6404,0.0052,,,,0.616,0.6635
topic_plus_cn,linear,oof,roi_gt_2,f1,classification,0.7769,0.7546,-0.0223,,,,0.7332,0.7763
topic_plus_cn,histgb,train,log_roi,mse,regression,1.4509,1.3466,-0.1043,,,,1.1309,1.6136
topic_plus_cn,histgb,train,log_roi,rmse,regression,1.2045,1.1604,-0.0441,-0.005,0.01,,1.0634,1.2703
topic_plus_cn,histgb,train,log_roi,mae,regression,0.8576,0.8231,-0.0345,,,,0.7764,0.8667
topic_plus_cn,histgb,train,log_roi,cvrmse,regression,0.894,0.8612,-0.0327,,,,0.8023,0.9262
topic_plus_cn,histgb,oof,log_roi,mse,regression,1.7606,1.7886,0.028,,,,1.4879,2.155
topic_plus_cn,histgb,oof,log_roi,rmse,regression,1.3269,1.3374,0.0105,-0.005,0.01,,1.2198,1.468
topic_plus_cn,histgb,oof,log_roi,mae,regression,0.9432,0.9555,0.0123,,,,0.9028,1.0068
topic_plus_cn,histgb,oof,log_roi,cvrmse,regression,0.9847,0.9925,0.0078,,,,0.9195,1.07
topic_plus_cn,histgb,train,roi_gt_1,auc_roc,classification,0.7754,0.7559,-0.0195,0.025,0.04,,0.723,0.7923
topic_plus_cn,histgb,train,roi_gt_1,pr_auc,classification,0.9356,0.9196,-0.016,,,,0.9025,0.9375
topic_plus_cn,histgb,train,roi_gt_1,log_loss,classification,0.4521,0.4565,0.0043,,,,0.4249,0.4843
topic_plus_cn,histgb,train,roi_gt_1,f1,classification,0.8947,0.8944,-0.0003,,,,0.881,0.909
topic_plus_cn,histgb,oof,roi_gt_1,auc_roc,classification,0.5524,0.5582,0.0058,0.025,0.04,,0.5185,0.5997
topic_plus_cn,histgb,oof,roi_gt_1,pr_auc,classification,0.8427,0.8365,-0.0062,,,,0.8101,0.8656
topic_plus_cn,histgb,oof,roi_gt_1,log_loss,classification,0.4861,0.4858,-0.0003,,,,0.4525,0.517
topic_plus_cn,histgb,oof,roi_gt_1,f1,classification,0.8929,0.8942,0.0013,,,,0.8813,0.9085
topic_plus_cn,histgb,train,roi_gt_2,auc_roc,classification,0.8112,0.888,0.0768,0.015,0.03,,0.8687,0.9071
topic_plus_cn,histgb,train,roi_gt_2,pr_auc,classification,0.892,0.9355,0.0435,,,,0.9215,0.9484
topic_plus_cn,histgb,train,roi_gt_2,log_loss,classification,0.5592,0.5268,-0.0325,,,,0.5123,0.5405
topic_plus_cn,histgb,train,roi_gt_2,f1,classification,0.8091,0.8264,0.0173,,,,0.809,0.8443
topic_plus_cn,histgb,oof,roi_gt_2,auc_roc,classification,0.6098,0.613,0.0032,0.015,0.03,,0.5821,0.6443
topic_plus_cn,histgb,oof,roi_gt_2,pr_auc,classification,0.731,0.7353,0.0043,,,,0.7028,0.7733
topic_plus_cn,histgb,oof,roi_gt_2,log_loss,classification,0.6349,0.6326,-0.0022,,,,0.6117,0.6523
topic_plus_cn,histgb,oof,roi_gt_2,f1,classification,0.7767,0.7782,0.0015,,,,0.7583,0.7992
topic_plus_cn,knn,train,log_roi,mse,regression,0.0,0.0,0.0,,,,0.0,0.0
topic_plus_cn,knn,train,log_roi,rmse,regression,0.0,0.0,0.0,-0.005,0.01,,0.0,0.0
topic_plus_cn,knn,train,log_roi,mae,regression,0.0,0.0,0.0,,,,0.0,0.0
topic_plus_cn,knn,train,log_roi,cvrmse,regression,0.0,0.0,0.0,,,,0.0,0.0
topic_plus_cn,knn,oof,log_roi,mse,regression,1.8602,1.9096,0.0494,,,,1.5957,2.2979
topic_plus_cn,knn,oof,log_roi,rmse,regression,1.3639,1.3819,0.018,-0.005,0.01,,1.2632,1.5159
topic_plus_cn,knn,oof,log_roi,mae,regression,0.9719,0.9762,0.0043,,,,0.922,1.0309
topic_plus_cn,knn,oof,log_roi,cvrmse,regression,1.0122,1.0256,0.0134,,,,0.9584,1.0989
topic_plus_cn,knn,train,roi_gt_1,auc_roc,classification,1.0,1.0,0.0,0.025,0.04,,1.0,1.0
topic_plus_cn,knn,train,roi_gt_1,pr_auc,classification,1.0,1.0,0.0,,,,1.0,1.0
topic_plus_cn,knn,train,roi_gt_1,log_loss,classification,0.0,0.0,0.0,,,,0.0,0.0
topic_plus_cn,knn,train,roi_gt_1,f1,classification,1.0,1.0,0.0,,,,1.0,1.0
topic_plus_cn,knn,oof,roi_gt_1,auc_roc,classification,0.5265,0.561,0.0346,0.025,0.04,,0.522,0.5979
topic_plus_cn,knn,oof,roi_gt_1,pr_auc,classification,0.8288,0.847,0.0183,,,,0.8213,0.874
topic_plus_cn,knn,oof,roi_gt_1,log_loss,classification,0.5933,0.5237,-0.0697,,,,0.4672,0.5997
topic_plus_cn,knn,oof,roi_gt_1,f1,classification,0.8939,0.8934,-0.0005,,,,0.8805,0.908
topic_plus_cn,knn,train,roi_gt_2,auc_roc,classification,1.0,1.0,0.0,0.015,0.03,,1.0,1.0
topic_plus_cn,knn,train,roi_gt_2,pr_auc,classification,1.0,1.0,0.0,,,,1.0,1.0
topic_plus_cn,knn,train,roi_gt_2,log_loss,classification,0.0,0.0,0.0,,,,0.0,0.0
topic_plus_cn,knn,train,roi_gt_2,f1,classification,1.0,1.0,0.0,,,,1.0,1.0
topic_plus_cn,knn,oof,roi_gt_2,auc_roc,classification,0.5782,0.5534,-0.0248,0.015,0.03,,0.5215,0.5896
topic_plus_cn,knn,oof,roi_gt_2,pr_auc,classification,0.7252,0.6907,-0.0345,,,,0.6568,0.7309
topic_plus_cn,knn,oof,roi_gt_2,log_loss,classification,0.6478,0.6571,0.0093,,,,0.6367,0.6765
topic_plus_cn,knn,oof,roi_gt_2,f1,classification,0.7407,0.757,0.0163,,,,0.7358,0.7783
topic_plus_cn,svm,train,log_roi,mse,regression,1.5507,1.256,-0.2946,,,,0.9755,1.6076
topic_plus_cn,svm,train,log_roi,rmse,regression,1.2453,1.1207,-0.1245,-0.005,0.01,,0.9877,1.2679
topic_plus_cn,svm,train,log_roi,mae,regression,0.8157,0.6807,-0.135,,,,0.6319,0.7319
topic_plus_cn,svm,train,log_roi,cvrmse,regression,0.9242,0.8318,-0.0924,,,,0.7449,0.9243
topic_plus_cn,svm,oof,log_roi,mse,regression,1.8424,1.8277,-0.0147,,,,1.5134,2.206
topic_plus_cn,svm,oof,log_roi,rmse,regression,1.3573,1.3519,-0.0054,-0.005,0.01,,1.2302,1.4852
topic_plus_cn,svm,oof,log_roi,mae,regression,0.9536,0.9567,0.0031,,,,0.9033,1.0113
topic_plus_cn,svm,oof,log_roi,cvrmse,regression,1.0074,1.0033,-0.004,,,,0.9281,1.0839
topic_plus_cn,svm,train,roi_gt_1,auc_roc,classification,0.888,0.9879,0.0999,0.025,0.04,,0.9777,0.9964
topic_plus_cn,svm,train,roi_gt_1,pr_auc,classification,0.965,0.9961,0.0311,,,,0.9923,0.9991
topic_plus_cn,svm,train,roi_gt_1,log_loss,classification,,,,,,,,
topic_plus_cn,svm,train,roi_gt_1,f1,classification,0.8952,0.8944,-0.0008,,,,0.881,0.909
topic_plus_cn,svm,oof,roi_gt_1,auc_roc,classification,0.5043,0.5855,0.0812,0.025,0.04,,0.5475,0.6242
topic_plus_cn,svm,oof,roi_gt_1,pr_auc,classification,0.8314,0.8546,0.0232,,,,0.8305,0.8802
topic_plus_cn,svm,oof,roi_gt_1,log_loss,classification,,,,,,,,
topic_plus_cn,svm,oof,roi_gt_1,f1,classification,0.8939,0.8934,-0.0005,,,,0.88,0.908
topic_plus_cn,svm,train,roi_gt_2,auc_roc,classification,0.8072,0.9277,0.1205,0.015,0.03,,0.911,0.9432
topic_plus_cn,svm,train,roi_gt_2,pr_auc,classification,0.8617,0.9489,0.0872,,,,0.9306,0.9659
topic_plus_cn,svm,train,roi_gt_2,log_loss,classification,,,,,,,,
topic_plus_cn,svm,train,roi_gt_2,f1,classification,0.7898,0.8133,0.0235,,,,0.7964,0.832
topic_plus_cn,svm,oof,roi_gt_2,auc_roc,classification,0.5337,0.5766,0.0428,0.015,0.03,,0.5432,0.6106
topic_plus_cn,svm,oof,roi_gt_2,pr_auc,classification,0.6763,0.7027,0.0264,,,,0.6692,0.7416
topic_plus_cn,svm,oof,roi_gt_2,log_loss,classification,,,,,,,,
topic_plus_cn,svm,oof,roi_gt_2,f1,classification,0.7839,0.7762,-0.0077,,,,0.756,0.7963
semantic_trio,linear,train,log_roi,mse,regression,1.7418,1.6858,-0.056,,,,1.3906,2.0639
semantic_trio,linear,train,log_roi,rmse,regression,1.3198,1.2984,-0.0214,-0.015,0.0,,1.1792,1.4366
semantic_trio,linear,train,log_roi,mae,regression,0.9364,0.9147,-0.0217,,,,0.864,0.9662
semantic_trio,linear,train,log_roi,cvrmse,regression,0.9795,0.9636,-0.0159,,,,0.8891,1.0461
semantic_trio,linear,oof,log_roi,mse,regression,1.7915,1.8032,0.0117,,,,1.4906,2.2
semantic_trio,linear,oof,log_roi,rmse,regression,1.3385,1.3428,0.0044,-0.015,0.0,False,1.2209,1.4833
semantic_trio,linear,oof,log_roi,mae,regression,0.9484,0.9462,-0.0022,,,,0.8949,1.0004
semantic_trio,linear,oof,log_roi,cvrmse,regression,0.9934,0.9966,0.0032,,,,0.9228,1.0795
semantic_trio,linear,train,roi_gt_1,auc_roc,classification,0.6351,0.7311,0.096,0.02,0.035,,0.6965,0.7668
semantic_trio,linear,train,roi_gt_1,pr_auc,classification,0.8821,0.9148,0.0327,,,,0.8971,0.9323
semantic_trio,linear,train,roi_gt_1,log_loss,classification,0.4666,0.4318,-0.0348,,,,0.3993,0.4635
semantic_trio,linear,train,roi_gt_1,f1,classification,0.8952,0.8962,0.0009,,,,0.8831,0.9103
semantic_trio,linear,oof,roi_gt_1,auc_roc,classification,0.5581,0.5578,-0.0003,0.02,0.035,False,0.5167,0.5983
semantic_trio,linear,oof,roi_gt_1,pr_auc,classification,0.8463,0.8404,-0.0059,,,,0.8132,0.8693
semantic_trio,linear,oof,roi_gt_1,log_loss,classification,0.4928,0.5582,0.0654,,,,0.4947,0.6289
semantic_trio,linear,oof,roi_gt_1,f1,classification,0.8934,0.8849,-0.0085,,,,0.8716,0.8995
semantic_trio,linear,train,roi_gt_2,auc_roc,classification,0.6401,0.7073,0.0672,0.0,0.02,,0.6774,0.7383
semantic_trio,linear,train,roi_gt_2,pr_auc,classification,0.7647,0.807,0.0422,,,,0.7782,0.8358
semantic_trio,linear,train,roi_gt_2,log_loss,classification,0.6205,0.586,-0.0346,,,,0.5653,0.6057
semantic_trio,linear,train,roi_gt_2,f1,classification,0.7756,0.7929,0.0173,,,,0.7727,0.8134
semantic_trio,linear,oof,roi_gt_2,auc_roc,classification,0.6017,0.5899,-0.0117,0.0,0.02,False,0.5547,0.6235
semantic_trio,linear,oof,roi_gt_2,pr_auc,classification,0.7386,0.7069,-0.0316,,,,0.6732,0.7452
semantic_trio,linear,oof,roi_gt_2,log_loss,classification,0.6352,0.6463,0.0111,,,,0.6266,0.6658
semantic_trio,linear,oof,roi_gt_2,f1,classification,0.7769,0.77,-0.0069,,,,0.75,0.7907
semantic_trio,histgb,train,log_roi,mse,regression,1.4509,1.2093,-0.2416,,,,1.0127,1.4434
semantic_trio,histgb,train,log_roi,rmse,regression,1.2045,1.0997,-0.1049,-0.015,0.0,,1.0063,1.2014
semantic_trio,histgb,train,log_roi,mae,regression,0.8576,0.7804,-0.0771,,,,0.7353,0.8243
semantic_trio,histgb,train,log_roi,cvrmse,regression,0.894,0.8161,-0.0778,,,,0.759,0.8769
semantic_trio,histgb,oof,log_roi,mse,regression,1.7606,1.7783,0.0177,,,,1.481,2.1454
semantic_trio,histgb,oof,log_roi,rmse,regression,1.3269,1.3335,0.0066,-0.015,0.0,,1.217,1.4647
semantic_trio,histgb,oof,log_roi,mae,regression,0.9432,0.9497,0.0066,,,,0.8965,1.0002
semantic_trio,histgb,oof,log_roi,cvrmse,regression,0.9847,0.9897,0.0049,,,,0.9162,1.0665
semantic_trio,histgb,train,roi_gt_1,auc_roc,classification,0.7754,0.807,0.0316,0.02,0.035,,0.7738,0.8388
semantic_trio,histgb,train,roi_gt_1,pr_auc,classification,0.9356,0.9391,0.0035,,,,0.9247,0.9526
semantic_trio,histgb,train,roi_gt_1,log_loss,classification,0.4521,0.4481,-0.004,,,,0.4172,0.4756
semantic_trio,histgb,train,roi_gt_1,f1,classification,0.8947,0.8944,-0.0003,,,,0.881,0.909
semantic_trio,histgb,oof,roi_gt_1,auc_roc,classification,0.5524,0.5462,-0.0062,0.02,0.035,,0.507,0.5875
semantic_trio,histgb,oof,roi_gt_1,pr_auc,classification,0.8427,0.8283,-0.0144,,,,0.8035,0.8586
semantic_trio,histgb,oof,roi_gt_1,log_loss,classification,0.4861,0.4886,0.0025,,,,0.4541,0.5174
semantic_trio,histgb,oof,roi_gt_1,f1,classification,0.8929,0.8938,0.0009,,,,0.8809,0.9084
semantic_trio,histgb,train,roi_gt_2,auc_roc,classification,0.8112,0.9461,0.1349,0.0,0.02,,0.9354,0.9575
semantic_trio,histgb,train,roi_gt_2,pr_auc,classification,0.892,0.9704,0.0784,,,,0.9629,0.9776
semantic_trio,histgb,train,roi_gt_2,log_loss,classification,0.5592,0.48,-0.0793,,,,0.4655,0.4931
semantic_trio,histgb,train,roi_gt_2,f1,classification,0.8091,0.8525,0.0434,,,,0.8361,0.8696
semantic_trio,histgb,oof,roi_gt_2,auc_roc,classification,0.6098,0.5705,-0.0393,0.0,0.02,,0.5372,0.6057
semantic_trio,histgb,oof,roi_gt_2,pr_auc,classification,0.731,0.7007,-0.0304,,,,0.6678,0.7407
semantic_trio,histgb,oof,roi_gt_2,log_loss,classification,0.6349,0.646,0.0111,,,,0.6256,0.6643
semantic_trio,histgb,oof,roi_gt_2,f1,classification,0.7767,0.7733,-0.0034,,,,0.7529,0.7941
semantic_trio,knn,train,log_roi,mse,regression,0.0,0.0,0.0,,,,0.0,0.0
semantic_trio,knn,train,log_roi,rmse,regression,0.0,0.0,0.0,-0.015,0.0,,0.0,0.0
semantic_trio,knn,train,log_roi,mae,regression,0.0,0.0,0.0,,,,0.0,0.0
semantic_trio,knn,train,log_roi,cvrmse,regression,0.0,0.0,0.0,,,,0.0,0.0
semantic_trio,knn,oof,log_roi,mse,regression,1.8602,1.8896,0.0294,,,,1.5837,2.291
semantic_trio,knn,oof,log_roi,rmse,regression,1.3639,1.3746,0.0107,-0.015,0.0,,1.2585,1.5136
semantic_trio,knn,oof,log_roi,mae,regression,0.9719,0.9825,0.0106,,,,0.9286,1.0365
semantic_trio,knn,oof,log_roi,cvrmse,regression,1.0122,1.0202,0.008,,,,0.9491,1.0993
semantic_trio,knn,train,roi_gt_1,auc_roc,classification,1.0,1.0,0.0,0.02,0.035,,1.0,1.0
semantic_trio,knn,train,roi_gt_1,pr_auc,classification,1.0,1.0,0.0,,,,1.0,1.0
semantic_trio,knn,train,roi_gt_1,log_loss,classification,0.0,0.0,0.0,,,,0.0,0.0
semantic_trio,knn,train,roi_gt_1,f1,classification,1.0,1.0,0.0,,,,1.0,1.0
semantic_trio,knn,oof,roi_gt_1,auc_roc,classification,0.5265,0.5383,0.0119,0.02,0.035,,0.4967,0.5788
semantic_trio,knn,oof,roi_gt_1,pr_auc,classification,0.8288,0.8267,-0.002,,,,0.8,0.8576
semantic_trio,knn,oof,roi_gt_1,log_loss,classification,0.5933,0.6166,0.0233,,,,0.5054,0.7461
semantic_trio,knn,oof,roi_gt_1,f1,classification,0.8939,0.8929,-0.001,,,,0.8794,0.9075
semantic_trio,knn,train,roi_gt_2,auc_roc,classification,1.0,1.0,0.0,0.0,0.02,,1.0,1.0
semantic_trio,knn,train,roi_gt_2,pr_auc,classification,1.0,1.0,0.0,,,,1.0,1.0
semantic_trio,knn,train,roi_gt_2,log_loss,classification,0.0,0.0,0.0,,,,0.0,0.0
semantic_trio,knn,train,roi_gt_2,f1,classification,1.0,1.0,0.0,,,,1.0,1.0
semantic_trio,knn,oof,roi_gt_2,auc_roc,classification,0.5782,0.5576,-0.0206,0.0,0.02,,0.5248,0.5898
semantic_trio,knn,oof,roi_gt_2,pr_auc,classification,0.7252,0.6915,-0.0337,,,,0.6558,0.7325
semantic_trio,knn,oof,roi_gt_2,log_loss,classification,0.6478,0.6603,0.0124,,,,0.6395,0.6802
semantic_trio,knn,oof,roi_gt_2,f1,classification,0.7407,0.7486,0.0079,,,,0.7272,0.771
semantic_trio,svm,train,log_roi,mse,regression,1.5507,1.1615,-0.3892,,,,0.8913,1.5211
semantic_trio,svm,train,log_roi,rmse,regression,1.2453,1.0777,-0.1675,-0.015,0.0,,0.9441,1.2333
semantic_trio,svm,train,log_roi,mae,regression,0.8157,0.6275,-0.1882,,,,0.5806,0.6768
semantic_trio,svm,train,log_roi,cvrmse,regression,0.9242,0.7998,-0.1243,,,,0.7139,0.8967
semantic_trio,svm,oof,log_roi,mse,regression,1.8424,1.8233,-0.0191,,,,1.5144,2.2127
semantic_trio,svm,oof,log_roi,rmse,regression,1.3573,1.3503,-0.0071,-0.015,0.0,,1.2306,1.4875
semantic_trio,svm,oof,log_roi,mae,regression,0.9536,0.9572,0.0036,,,,0.9065,1.0097
semantic_trio,svm,oof,log_roi,cvrmse,regression,1.0074,1.0021,-0.0052,,,,0.9266,1.0834
semantic_trio,svm,train,roi_gt_1,auc_roc,classification,0.888,0.9948,0.1067,0.02,0.035,,0.9871,0.9997
semantic_trio,svm,train,roi_gt_1,pr_auc,classification,0.965,0.998,0.033,,,,0.9946,0.9999
semantic_trio,svm,train,roi_gt_1,log_loss,classification,,,,,,,,
semantic_trio,svm,train,roi_gt_1,f1,classification,0.8952,0.8986,0.0033,,,,0.8858,0.9127
semantic_trio,svm,oof,roi_gt_1,auc_roc,classification,0.5043,0.5506,0.0463,0.02,0.035,,0.5068,0.5916
semantic_trio,svm,oof,roi_gt_1,pr_auc,classification,0.8314,0.8336,0.0022,,,,0.8059,0.862
semantic_trio,svm,oof,roi_gt_1,log_loss,classification,,,,,,,,
semantic_trio,svm,oof,roi_gt_1,f1,classification,0.8939,0.8934,-0.0005,,,,0.88,0.908
semantic_trio,svm,train,roi_gt_2,auc_roc,classification,0.8072,0.9527,0.1455,0.0,0.02,,0.9395,0.9646
semantic_trio,svm,train,roi_gt_2,pr_auc,classification,0.8617,0.967,0.1053,,,,0.9531,0.9795
semantic_trio,svm,train,roi_gt_2,log_loss,classification,,,,,,,,
semantic_trio,svm,train,roi_gt_2,f1,classification,0.7898,0.843,0.0532,,,,0.8248,0.861
semantic_trio,svm,oof,roi_gt_2,auc_roc,classification,0.5337,0.591,0.0572,0.0,0.02,,0.5581,0.6233
semantic_trio,svm,oof,roi_gt_2,pr_auc,classification,0.6763,0.7053,0.0291,,,,0.671,0.7446
semantic_trio,svm,oof,roi_gt_2,log_loss,classification,,,,,,,,
semantic_trio,svm,oof,roi_gt_2,f1,classification,0.7839,0.7752,-0.0088,,,,0.7548,0.7957
