imdb_id,calibrated_probability,expected_cost_greenlight,expected_cost_pass,expected_cost_refer,recommended_action,rationale,true_label,genre
tt8093700,0.5600000023841858,21999999.88079071,56000000.23841858,5000.0,Refer,"Recommended Refer to human reader: at probability 0.560, expected losses from Greenlight ($22.0M) and Pass ($56.0M) both exceed the human-reader cost ($5.0K). Manual review is preferred.",0,Action
tt0383028,0.5600000023841858,21999999.88079071,56000000.23841858,5000.0,Refer,"Recommended Refer to human reader: at probability 0.560, expected losses from Greenlight ($22.0M) and Pass ($56.0M) both exceed the human-reader cost ($5.0K). Manual review is preferred.",0,Drama
tt2980592,0.7124999761581421,14375001.192092896,71249997.61581421,5000.0,Refer,"Recommended Refer to human reader: at probability 0.712, expected losses from Greenlight ($14.4M) and Pass ($71.2M) both exceed the human-reader cost ($5.0K). Manual review is preferred.",0,Mystery
tt0101393,0.7124999761581421,14375001.192092896,71249997.61581421,5000.0,Refer,"Recommended Refer to human reader: at probability 0.712, expected losses from Greenlight ($14.4M) and Pass ($71.2M) both exceed the human-reader cost ($5.0K). Manual review is preferred.",1,Crime
tt0130018,0.5600000023841858,21999999.88079071,56000000.23841858,5000.0,Refer,"Recommended Refer to human reader: at probability 0.560, expected losses from Greenlight ($22.0M) and Pass ($56.0M) both exceed the human-reader cost ($5.0K). Manual review is preferred.",0,Horror
tt0091763,0.7124999761581421,14375001.192092896,71249997.61581421,5000.0,Refer,"Recommended Refer to human reader: at probability 0.712, expected losses from Greenlight ($14.4M) and Pass ($71.2M) both exceed the human-reader cost ($5.0K). Manual review is preferred.",1,Drama
tt1412386,0.5600000023841858,21999999.88079071,56000000.23841858,5000.0,Refer,"Recommended Refer to human reader: at probability 0.560, expected losses from Greenlight ($22.0M) and Pass ($56.0M) both exceed the human-reader cost ($5.0K). Manual review is preferred.",1,Drama
tt5503686,0.5600000023841858,21999999.88079071,56000000.23841858,5000.0,Refer,"Recommended Refer to human reader: at probability 0.560, expected losses from Greenlight ($22.0M) and Pass ($56.0M) both exceed the human-reader cost ($5.0K). Manual review is preferred.",1,Drama
tt8368408,0.5600000023841858,21999999.88079071,56000000.23841858,5000.0,Refer,"Recommended Refer to human reader: at probability 0.560, expected losses from Greenlight ($22.0M) and Pass ($56.0M) both exceed the human-reader cost ($5.0K). Manual review is preferred.",0,Action
tt5814060,0.7124999761581421,14375001.192092896,71249997.61581421,5000.0,Refer,"Recommended Refer to human reader: at probability 0.712, expected losses from Greenlight ($14.4M) and Pass ($71.2M) both exceed the human-reader cost ($5.0K). Manual review is preferred.",1,Horror
tt0790686,0.7124999761581421,14375001.192092896,71249997.61581421,5000.0,Refer,"Recommended Refer to human reader: at probability 0.712, expected losses from Greenlight ($14.4M) and Pass ($71.2M) both exceed the human-reader cost ($5.0K). Manual review is preferred.",1,Horror
tt1288558,0.7124999761581421,14375001.192092896,71249997.61581421,5000.0,Refer,"Recommended Refer to human reader: at probability 0.712, expected losses from Greenlight ($14.4M) and Pass ($71.2M) both exceed the human-reader cost ($5.0K). Manual review is preferred.",1,Horror
tt0154506,0.5600000023841858,21999999.88079071,56000000.23841858,5000.0,Refer,"Recommended Refer to human reader: at probability 0.560, expected losses from Greenlight ($22.0M) and Pass ($56.0M) both exceed the human-reader cost ($5.0K). Manual review is preferred.",1,Drama
tt0167260,0.7124999761581421,14375001.192092896,71249997.61581421,5000.0,Refer,"Recommended Refer to human reader: at probability 0.712, expected losses from Greenlight ($14.4M) and Pass ($71.2M) both exceed the human-reader cost ($5.0K). Manual review is preferred.",1,Adventure
tt0091167,0.5600000023841858,21999999.88079071,56000000.23841858,5000.0,Refer,"Recommended Refer to human reader: at probability 0.560, expected losses from Greenlight ($22.0M) and Pass ($56.0M) both exceed the human-reader cost ($5.0K). Manual review is preferred.",1,Comedy
tt0096933,0.5600000023841858,21999999.88079071,56000000.23841858,5000.0,Refer,"Recommended Refer to human reader: at probability 0.560, expected losses from Greenlight ($22.0M) and Pass ($56.0M) both exceed the human-reader cost ($5.0K). Manual review is preferred.",1,Drama
tt1196141,0.5600000023841858,21999999.88079071,56000000.23841858,5000.0,Refer,"Recommended Refer to human reader: at probability 0.560, expected losses from Greenlight ($22.0M) and Pass ($56.0M) both exceed the human-reader cost ($5.0K). Manual review is preferred.",1,Comedy
tt0457430,0.5600000023841858,21999999.88079071,56000000.23841858,5000.0,Refer,"Recommended Refer to human reader: at probability 0.560, expected losses from Greenlight ($22.0M) and Pass ($56.0M) both exceed the human-reader cost ($5.0K). Manual review is preferred.",1,Fantasy
tt0120891,0.7124999761581421,14375001.192092896,71249997.61581421,5000.0,Refer,"Recommended Refer to human reader: at probability 0.712, expected losses from Greenlight ($14.4M) and Pass ($71.2M) both exceed the human-reader cost ($5.0K). Manual review is preferred.",0,Action
tt0119116,0.5600000023841858,21999999.88079071,56000000.23841858,5000.0,Refer,"Recommended Refer to human reader: at probability 0.560, expected losses from Greenlight ($22.0M) and Pass ($56.0M) both exceed the human-reader cost ($5.0K). Manual review is preferred.",1,Adventure
tt0091209,0.5600000023841858,21999999.88079071,56000000.23841858,5000.0,Refer,"Recommended Refer to human reader: at probability 0.560, expected losses from Greenlight ($22.0M) and Pass ($56.0M) both exceed the human-reader cost ($5.0K). Manual review is preferred.",0,Horror
tt0783233,0.5600000023841858,21999999.88079071,56000000.23841858,5000.0,Refer,"Recommended Refer to human reader: at probability 0.560, expected losses from Greenlight ($22.0M) and Pass ($56.0M) both exceed the human-reader cost ($5.0K). Manual review is preferred.",1,Drama
tt0115610,0.7124999761581421,14375001.192092896,71249997.61581421,5000.0,Refer,"Recommended Refer to human reader: at probability 0.712, expected losses from Greenlight ($14.4M) and Pass ($71.2M) both exceed the human-reader cost ($5.0K). Manual review is preferred.",0,Horror
tt0094721,0.6666666865348816,16666665.67325592,66666668.65348816,5000.0,Refer,"Recommended Refer to human reader: at probability 0.667, expected losses from Greenlight ($16.7M) and Pass ($66.7M) both exceed the human-reader cost ($5.0K). Manual review is preferred.",1,Fantasy
tt0118715,0.375,31250000.0,37500000.0,5000.0,Refer,"Recommended Refer to human reader: at probability 0.375, expected losses from Greenlight ($31.2M) and Pass ($37.5M) both exceed the human-reader cost ($5.0K). Manual review is preferred.",1,Comedy
tt0272152,0.7124999761581421,14375001.192092896,71249997.61581421,5000.0,Refer,"Recommended Refer to human reader: at probability 0.712, expected losses from Greenlight ($14.4M) and Pass ($71.2M) both exceed the human-reader cost ($5.0K). Manual review is preferred.",0,Science Fiction
tt0086927,1.0,0.0,100000000.0,5000.0,Greenlight,Recommended Greenlight: model probability 1.000 of >=2x ROI yields expected loss $0 from Greenlight vs $100.0M from Pass and $5.0K from Refer.,1,Comedy
tt0405296,0.5600000023841858,21999999.88079071,56000000.23841858,5000.0,Refer,"Recommended Refer to human reader: at probability 0.560, expected losses from Greenlight ($22.0M) and Pass ($56.0M) both exceed the human-reader cost ($5.0K). Manual review is preferred.",0,Animation
tt1763264,0.5600000023841858,21999999.88079071,56000000.23841858,5000.0,Refer,"Recommended Refer to human reader: at probability 0.560, expected losses from Greenlight ($22.0M) and Pass ($56.0M) both exceed the human-reader cost ($5.0K). Manual review is preferred.",0,Horror
tt3640682,0.5600000023841858,21999999.88079071,56000000.23841858,5000.0,Refer,"Recommended Refer to human reader: at probability 0.560, expected losses from Greenlight ($22.0M) and Pass ($56.0M) both exceed the human-reader cost ($5.0K). Manual review is preferred.",0,Drama
tt0066921,0.7124999761581421,14375001.192092896,71249997.61581421,5000.0,Refer,"Recommended Refer to human reader: at probability 0.712, expected losses from Greenlight ($14.4M) and Pass ($71.2M) both exceed the human-reader cost ($5.0K). Manual review is preferred.",1,Science Fiction
tt0405422,0.7124999761581421,14375001.192092896,71249997.61581421,5000.0,Refer,"Recommended Refer to human reader: at probability 0.712, expected losses from Greenlight ($14.4M) and Pass ($71.2M) both exceed the human-reader cost ($5.0K). Manual review is preferred.",1,Comedy
tt0212338,0.5600000023841858,21999999.88079071,56000000.23841858,5000.0,Refer,"Recommended Refer to human reader: at probability 0.560, expected losses from Greenlight ($22.0M) and Pass ($56.0M) both exceed the human-reader cost ($5.0K). Manual review is preferred.",1,Comedy
tt0118607,0.5600000023841858,21999999.88079071,56000000.23841858,5000.0,Refer,"Recommended Refer to human reader: at probability 0.560, expected losses from Greenlight ($22.0M) and Pass ($56.0M) both exceed the human-reader cost ($5.0K). Manual review is preferred.",0,Drama
tt0036775,0.7124999761581421,14375001.192092896,71249997.61581421,5000.0,Refer,"Recommended Refer to human reader: at probability 0.712, expected losses from Greenlight ($14.4M) and Pass ($71.2M) both exceed the human-reader cost ($5.0K). Manual review is preferred.",1,Crime
tt0070849,0.7124999761581421,14375001.192092896,71249997.61581421,5000.0,Refer,"Recommended Refer to human reader: at probability 0.712, expected losses from Greenlight ($14.4M) and Pass ($71.2M) both exceed the human-reader cost ($5.0K). Manual review is preferred.",1,Drama
tt0120177,0.5600000023841858,21999999.88079071,56000000.23841858,5000.0,Refer,"Recommended Refer to human reader: at probability 0.560, expected losses from Greenlight ($22.0M) and Pass ($56.0M) both exceed the human-reader cost ($5.0K). Manual review is preferred.",1,Action
tt1129445,0.5600000023841858,21999999.88079071,56000000.23841858,5000.0,Refer,"Recommended Refer to human reader: at probability 0.560, expected losses from Greenlight ($22.0M) and Pass ($56.0M) both exceed the human-reader cost ($5.0K). Manual review is preferred.",0,Adventure
tt0058946,0.7124999761581421,14375001.192092896,71249997.61581421,5000.0,Refer,"Recommended Refer to human reader: at probability 0.712, expected losses from Greenlight ($14.4M) and Pass ($71.2M) both exceed the human-reader cost ($5.0K). Manual review is preferred.",0,Drama
tt0077928,0.7124999761581421,14375001.192092896,71249997.61581421,5000.0,Refer,"Recommended Refer to human reader: at probability 0.712, expected losses from Greenlight ($14.4M) and Pass ($71.2M) both exceed the human-reader cost ($5.0K). Manual review is preferred.",1,Drama
tt0335266,0.5600000023841858,21999999.88079071,56000000.23841858,5000.0,Refer,"Recommended Refer to human reader: at probability 0.560, expected losses from Greenlight ($22.0M) and Pass ($56.0M) both exceed the human-reader cost ($5.0K). Manual review is preferred.",1,Drama
tt1119646,0.7124999761581421,14375001.192092896,71249997.61581421,5000.0,Refer,"Recommended Refer to human reader: at probability 0.712, expected losses from Greenlight ($14.4M) and Pass ($71.2M) both exceed the human-reader cost ($5.0K). Manual review is preferred.",1,Comedy
tt1041829,0.5600000023841858,21999999.88079071,56000000.23841858,5000.0,Refer,"Recommended Refer to human reader: at probability 0.560, expected losses from Greenlight ($22.0M) and Pass ($56.0M) both exceed the human-reader cost ($5.0K). Manual review is preferred.",1,Comedy
tt0780504,0.5600000023841858,21999999.88079071,56000000.23841858,5000.0,Refer,"Recommended Refer to human reader: at probability 0.560, expected losses from Greenlight ($22.0M) and Pass ($56.0M) both exceed the human-reader cost ($5.0K). Manual review is preferred.",1,Drama
tt1502407,0.7124999761581421,14375001.192092896,71249997.61581421,5000.0,Refer,"Recommended Refer to human reader: at probability 0.712, expected losses from Greenlight ($14.4M) and Pass ($71.2M) both exceed the human-reader cost ($5.0K). Manual review is preferred.",1,Horror
tt0093010,0.7124999761581421,14375001.192092896,71249997.61581421,5000.0,Refer,"Recommended Refer to human reader: at probability 0.712, expected losses from Greenlight ($14.4M) and Pass ($71.2M) both exceed the human-reader cost ($5.0K). Manual review is preferred.",1,Drama
tt0247425,0.7124999761581421,14375001.192092896,71249997.61581421,5000.0,Refer,"Recommended Refer to human reader: at probability 0.712, expected losses from Greenlight ($14.4M) and Pass ($71.2M) both exceed the human-reader cost ($5.0K). Manual review is preferred.",1,Drama
tt0805564,0.5600000023841858,21999999.88079071,56000000.23841858,5000.0,Refer,"Recommended Refer to human reader: at probability 0.560, expected losses from Greenlight ($22.0M) and Pass ($56.0M) both exceed the human-reader cost ($5.0K). Manual review is preferred.",0,Comedy
tt0234215,0.5600000023841858,21999999.88079071,56000000.23841858,5000.0,Refer,"Recommended Refer to human reader: at probability 0.560, expected losses from Greenlight ($22.0M) and Pass ($56.0M) both exceed the human-reader cost ($5.0K). Manual review is preferred.",1,Adventure
tt0096754,0.7124999761581421,14375001.192092896,71249997.61581421,5000.0,Refer,"Recommended Refer to human reader: at probability 0.712, expected losses from Greenlight ($14.4M) and Pass ($71.2M) both exceed the human-reader cost ($5.0K). Manual review is preferred.",0,Adventure
tt5827916,0.5600000023841858,21999999.88079071,56000000.23841858,5000.0,Refer,"Recommended Refer to human reader: at probability 0.560, expected losses from Greenlight ($22.0M) and Pass ($56.0M) both exceed the human-reader cost ($5.0K). Manual review is preferred.",0,Drama
tt0164052,0.5600000023841858,21999999.88079071,56000000.23841858,5000.0,Refer,"Recommended Refer to human reader: at probability 0.560, expected losses from Greenlight ($22.0M) and Pass ($56.0M) both exceed the human-reader cost ($5.0K). Manual review is preferred.",1,Action
tt0122933,0.5600000023841858,21999999.88079071,56000000.23841858,5000.0,Refer,"Recommended Refer to human reader: at probability 0.560, expected losses from Greenlight ($22.0M) and Pass ($56.0M) both exceed the human-reader cost ($5.0K). Manual review is preferred.",1,Comedy
tt1470023,0.7124999761581421,14375001.192092896,71249997.61581421,5000.0,Refer,"Recommended Refer to human reader: at probability 0.712, expected losses from Greenlight ($14.4M) and Pass ($71.2M) both exceed the human-reader cost ($5.0K). Manual review is preferred.",0,Action
tt0112857,0.5600000023841858,21999999.88079071,56000000.23841858,5000.0,Refer,"Recommended Refer to human reader: at probability 0.560, expected losses from Greenlight ($22.0M) and Pass ($56.0M) both exceed the human-reader cost ($5.0K). Manual review is preferred.",0,Thriller
tt6710474,0.7124999761581421,14375001.192092896,71249997.61581421,5000.0,Refer,"Recommended Refer to human reader: at probability 0.712, expected losses from Greenlight ($14.4M) and Pass ($71.2M) both exceed the human-reader cost ($5.0K). Manual review is preferred.",1,Action
tt0099348,0.5600000023841858,21999999.88079071,56000000.23841858,5000.0,Refer,"Recommended Refer to human reader: at probability 0.560, expected losses from Greenlight ($22.0M) and Pass ($56.0M) both exceed the human-reader cost ($5.0K). Manual review is preferred.",1,Adventure
tt2837574,0.7124999761581421,14375001.192092896,71249997.61581421,5000.0,Refer,"Recommended Refer to human reader: at probability 0.712, expected losses from Greenlight ($14.4M) and Pass ($71.2M) both exceed the human-reader cost ($5.0K). Manual review is preferred.",0,Comedy
tt5592248,0.5600000023841858,21999999.88079071,56000000.23841858,5000.0,Refer,"Recommended Refer to human reader: at probability 0.560, expected losses from Greenlight ($22.0M) and Pass ($56.0M) both exceed the human-reader cost ($5.0K). Manual review is preferred.",1,Drama
tt0357413,0.5600000023841858,21999999.88079071,56000000.23841858,5000.0,Refer,"Recommended Refer to human reader: at probability 0.560, expected losses from Greenlight ($22.0M) and Pass ($56.0M) both exceed the human-reader cost ($5.0K). Manual review is preferred.",1,Comedy
tt1790809,0.7124999761581421,14375001.192092896,71249997.61581421,5000.0,Refer,"Recommended Refer to human reader: at probability 0.712, expected losses from Greenlight ($14.4M) and Pass ($71.2M) both exceed the human-reader cost ($5.0K). Manual review is preferred.",1,Adventure
tt2316204,0.7124999761581421,14375001.192092896,71249997.61581421,5000.0,Refer,"Recommended Refer to human reader: at probability 0.712, expected losses from Greenlight ($14.4M) and Pass ($71.2M) both exceed the human-reader cost ($5.0K). Manual review is preferred.",1,Science Fiction
tt0119643,0.5600000023841858,21999999.88079071,56000000.23841858,5000.0,Refer,"Recommended Refer to human reader: at probability 0.560, expected losses from Greenlight ($22.0M) and Pass ($56.0M) both exceed the human-reader cost ($5.0K). Manual review is preferred.",0,Fantasy
tt3741834,0.5600000023841858,21999999.88079071,56000000.23841858,5000.0,Refer,"Recommended Refer to human reader: at probability 0.560, expected losses from Greenlight ($22.0M) and Pass ($56.0M) both exceed the human-reader cost ($5.0K). Manual review is preferred.",1,Drama
tt0104691,0.5600000023841858,21999999.88079071,56000000.23841858,5000.0,Refer,"Recommended Refer to human reader: at probability 0.560, expected losses from Greenlight ($22.0M) and Pass ($56.0M) both exceed the human-reader cost ($5.0K). Manual review is preferred.",0,Action
tt0120738,0.7124999761581421,14375001.192092896,71249997.61581421,5000.0,Refer,"Recommended Refer to human reader: at probability 0.712, expected losses from Greenlight ($14.4M) and Pass ($71.2M) both exceed the human-reader cost ($5.0K). Manual review is preferred.",0,Science Fiction
tt9770150,0.5600000023841858,21999999.88079071,56000000.23841858,5000.0,Refer,"Recommended Refer to human reader: at probability 0.560, expected losses from Greenlight ($22.0M) and Pass ($56.0M) both exceed the human-reader cost ($5.0K). Manual review is preferred.",1,Drama
tt0134084,0.6666666865348816,16666665.67325592,66666668.65348816,5000.0,Refer,"Recommended Refer to human reader: at probability 0.667, expected losses from Greenlight ($16.7M) and Pass ($66.7M) both exceed the human-reader cost ($5.0K). Manual review is preferred.",1,Horror
tt0102975,0.5600000023841858,21999999.88079071,56000000.23841858,5000.0,Refer,"Recommended Refer to human reader: at probability 0.560, expected losses from Greenlight ($22.0M) and Pass ($56.0M) both exceed the human-reader cost ($5.0K). Manual review is preferred.",1,Science Fiction
tt10343028,0.5600000023841858,21999999.88079071,56000000.23841858,5000.0,Refer,"Recommended Refer to human reader: at probability 0.560, expected losses from Greenlight ($22.0M) and Pass ($56.0M) both exceed the human-reader cost ($5.0K). Manual review is preferred.",0,Drama
tt0077681,1.0,0.0,100000000.0,5000.0,Greenlight,Recommended Greenlight: model probability 1.000 of >=2x ROI yields expected loss $0 from Greenlight vs $100.0M from Pass and $5.0K from Refer.,1,Horror
tt0088161,0.7124999761581421,14375001.192092896,71249997.61581421,5000.0,Refer,"Recommended Refer to human reader: at probability 0.712, expected losses from Greenlight ($14.4M) and Pass ($71.2M) both exceed the human-reader cost ($5.0K). Manual review is preferred.",1,Comedy
tt0490215,0.375,31250000.0,37500000.0,5000.0,Refer,"Recommended Refer to human reader: at probability 0.375, expected losses from Greenlight ($31.2M) and Pass ($37.5M) both exceed the human-reader cost ($5.0K). Manual review is preferred.",0,Drama
tt2401878,0.7124999761581421,14375001.192092896,71249997.61581421,5000.0,Refer,"Recommended Refer to human reader: at probability 0.712, expected losses from Greenlight ($14.4M) and Pass ($71.2M) both exceed the human-reader cost ($5.0K). Manual review is preferred.",0,Animation
tt15791034,0.5600000023841858,21999999.88079071,56000000.23841858,5000.0,Refer,"Recommended Refer to human reader: at probability 0.560, expected losses from Greenlight ($22.0M) and Pass ($56.0M) both exceed the human-reader cost ($5.0K). Manual review is preferred.",1,Horror
tt1742044,0.5600000023841858,21999999.88079071,56000000.23841858,5000.0,Refer,"Recommended Refer to human reader: at probability 0.560, expected losses from Greenlight ($22.0M) and Pass ($56.0M) both exceed the human-reader cost ($5.0K). Manual review is preferred.",0,Music
tt0116905,0.5600000023841858,21999999.88079071,56000000.23841858,5000.0,Refer,"Recommended Refer to human reader: at probability 0.560, expected losses from Greenlight ($22.0M) and Pass ($56.0M) both exceed the human-reader cost ($5.0K). Manual review is preferred.",1,Drama
tt0258463,0.6666666865348816,16666665.67325592,66666668.65348816,5000.0,Refer,"Recommended Refer to human reader: at probability 0.667, expected losses from Greenlight ($16.7M) and Pass ($66.7M) both exceed the human-reader cost ($5.0K). Manual review is preferred.",1,Action
tt0165710,0.5600000023841858,21999999.88079071,56000000.23841858,5000.0,Refer,"Recommended Refer to human reader: at probability 0.560, expected losses from Greenlight ($22.0M) and Pass ($56.0M) both exceed the human-reader cost ($5.0K). Manual review is preferred.",0,Comedy
tt0089218,0.5600000023841858,21999999.88079071,56000000.23841858,5000.0,Refer,"Recommended Refer to human reader: at probability 0.560, expected losses from Greenlight ($22.0M) and Pass ($56.0M) both exceed the human-reader cost ($5.0K). Manual review is preferred.",1,Adventure
tt0190590,0.5600000023841858,21999999.88079071,56000000.23841858,5000.0,Refer,"Recommended Refer to human reader: at probability 0.560, expected losses from Greenlight ($22.0M) and Pass ($56.0M) both exceed the human-reader cost ($5.0K). Manual review is preferred.",1,Adventure
tt1568911,0.5600000023841858,21999999.88079071,56000000.23841858,5000.0,Refer,"Recommended Refer to human reader: at probability 0.560, expected losses from Greenlight ($22.0M) and Pass ($56.0M) both exceed the human-reader cost ($5.0K). Manual review is preferred.",1,War
tt0443649,0.5600000023841858,21999999.88079071,56000000.23841858,5000.0,Refer,"Recommended Refer to human reader: at probability 0.560, expected losses from Greenlight ($22.0M) and Pass ($56.0M) both exceed the human-reader cost ($5.0K). Manual review is preferred.",1,Adventure
tt2120120,0.6666666865348816,16666665.67325592,66666668.65348816,5000.0,Refer,"Recommended Refer to human reader: at probability 0.667, expected losses from Greenlight ($16.7M) and Pass ($66.7M) both exceed the human-reader cost ($5.0K). Manual review is preferred.",1,Action
tt2053425,0.5600000023841858,21999999.88079071,56000000.23841858,5000.0,Refer,"Recommended Refer to human reader: at probability 0.560, expected losses from Greenlight ($22.0M) and Pass ($56.0M) both exceed the human-reader cost ($5.0K). Manual review is preferred.",0,Drama
tt2361509,0.7124999761581421,14375001.192092896,71249997.61581421,5000.0,Refer,"Recommended Refer to human reader: at probability 0.712, expected losses from Greenlight ($14.4M) and Pass ($71.2M) both exceed the human-reader cost ($5.0K). Manual review is preferred.",1,Comedy
tt0366627,0.5600000023841858,21999999.88079071,56000000.23841858,5000.0,Refer,"Recommended Refer to human reader: at probability 0.560, expected losses from Greenlight ($22.0M) and Pass ($56.0M) both exceed the human-reader cost ($5.0K). Manual review is preferred.",0,Thriller
tt0118771,0.6666666865348816,16666665.67325592,66666668.65348816,5000.0,Refer,"Recommended Refer to human reader: at probability 0.667, expected losses from Greenlight ($16.7M) and Pass ($66.7M) both exceed the human-reader cost ($5.0K). Manual review is preferred.",0,Crime
tt0025316,0.7124999761581421,14375001.192092896,71249997.61581421,5000.0,Refer,"Recommended Refer to human reader: at probability 0.712, expected losses from Greenlight ($14.4M) and Pass ($71.2M) both exceed the human-reader cost ($5.0K). Manual review is preferred.",1,Comedy
tt0305206,0.5600000023841858,21999999.88079071,56000000.23841858,5000.0,Refer,"Recommended Refer to human reader: at probability 0.560, expected losses from Greenlight ($22.0M) and Pass ($56.0M) both exceed the human-reader cost ($5.0K). Manual review is preferred.",1,Comedy
tt0097322,0.5600000023841858,21999999.88079071,56000000.23841858,5000.0,Refer,"Recommended Refer to human reader: at probability 0.560, expected losses from Greenlight ($22.0M) and Pass ($56.0M) both exceed the human-reader cost ($5.0K). Manual review is preferred.",0,Comedy
tt1675192,0.7124999761581421,14375001.192092896,71249997.61581421,5000.0,Refer,"Recommended Refer to human reader: at probability 0.712, expected losses from Greenlight ($14.4M) and Pass ($71.2M) both exceed the human-reader cost ($5.0K). Manual review is preferred.",0,Thriller
tt5439812,0.5600000023841858,21999999.88079071,56000000.23841858,5000.0,Refer,"Recommended Refer to human reader: at probability 0.560, expected losses from Greenlight ($22.0M) and Pass ($56.0M) both exceed the human-reader cost ($5.0K). Manual review is preferred.",0,Comedy
tt7668870,0.7124999761581421,14375001.192092896,71249997.61581421,5000.0,Refer,"Recommended Refer to human reader: at probability 0.712, expected losses from Greenlight ($14.4M) and Pass ($71.2M) both exceed the human-reader cost ($5.0K). Manual review is preferred.",1,Thriller
tt5104604,0.5600000023841858,21999999.88079071,56000000.23841858,5000.0,Refer,"Recommended Refer to human reader: at probability 0.560, expected losses from Greenlight ($22.0M) and Pass ($56.0M) both exceed the human-reader cost ($5.0K). Manual review is preferred.",0,Adventure
tt1458175,0.7124999761581421,14375001.192092896,71249997.61581421,5000.0,Refer,"Recommended Refer to human reader: at probability 0.712, expected losses from Greenlight ($14.4M) and Pass ($71.2M) both exceed the human-reader cost ($5.0K). Manual review is preferred.",1,Romance
tt2080374,0.7124999761581421,14375001.192092896,71249997.61581421,5000.0,Refer,"Recommended Refer to human reader: at probability 0.712, expected losses from Greenlight ($14.4M) and Pass ($71.2M) both exceed the human-reader cost ($5.0K). Manual review is preferred.",0,Drama
tt0108327,0.5600000023841858,21999999.88079071,56000000.23841858,5000.0,Refer,"Recommended Refer to human reader: at probability 0.560, expected losses from Greenlight ($22.0M) and Pass ($56.0M) both exceed the human-reader cost ($5.0K). Manual review is preferred.",0,Drama
tt0093693,0.5600000023841858,21999999.88079071,56000000.23841858,5000.0,Refer,"Recommended Refer to human reader: at probability 0.560, expected losses from Greenlight ($22.0M) and Pass ($56.0M) both exceed the human-reader cost ($5.0K). Manual review is preferred.",0,Comedy
tt0276816,0.5600000023841858,21999999.88079071,56000000.23841858,5000.0,Refer,"Recommended Refer to human reader: at probability 0.560, expected losses from Greenlight ($22.0M) and Pass ($56.0M) both exceed the human-reader cost ($5.0K). Manual review is preferred.",0,Thriller
tt0324127,0.5600000023841858,21999999.88079071,56000000.23841858,5000.0,Refer,"Recommended Refer to human reader: at probability 0.560, expected losses from Greenlight ($22.0M) and Pass ($56.0M) both exceed the human-reader cost ($5.0K). Manual review is preferred.",0,Crime
tt0054387,0.7124999761581421,14375001.192092896,71249997.61581421,5000.0,Refer,"Recommended Refer to human reader: at probability 0.712, expected losses from Greenlight ($14.4M) and Pass ($71.2M) both exceed the human-reader cost ($5.0K). Manual review is preferred.",0,Thriller
tt1243957,0.5600000023841858,21999999.88079071,56000000.23841858,5000.0,Refer,"Recommended Refer to human reader: at probability 0.560, expected losses from Greenlight ($22.0M) and Pass ($56.0M) both exceed the human-reader cost ($5.0K). Manual review is preferred.",1,Action
tt1663202,0.5600000023841858,21999999.88079071,56000000.23841858,5000.0,Refer,"Recommended Refer to human reader: at probability 0.560, expected losses from Greenlight ($22.0M) and Pass ($56.0M) both exceed the human-reader cost ($5.0K). Manual review is preferred.",1,Other
tt0120780,0.5600000023841858,21999999.88079071,56000000.23841858,5000.0,Refer,"Recommended Refer to human reader: at probability 0.560, expected losses from Greenlight ($22.0M) and Pass ($56.0M) both exceed the human-reader cost ($5.0K). Manual review is preferred.",0,Romance
tt3569230,0.5600000023841858,21999999.88079071,56000000.23841858,5000.0,Refer,"Recommended Refer to human reader: at probability 0.560, expected losses from Greenlight ($22.0M) and Pass ($56.0M) both exceed the human-reader cost ($5.0K). Manual review is preferred.",0,Crime
tt12536294,0.5600000023841858,21999999.88079071,56000000.23841858,5000.0,Refer,"Recommended Refer to human reader: at probability 0.560, expected losses from Greenlight ($22.0M) and Pass ($56.0M) both exceed the human-reader cost ($5.0K). Manual review is preferred.",0,Drama
tt2788710,0.5600000023841858,21999999.88079071,56000000.23841858,5000.0,Refer,"Recommended Refer to human reader: at probability 0.560, expected losses from Greenlight ($22.0M) and Pass ($56.0M) both exceed the human-reader cost ($5.0K). Manual review is preferred.",0,Action
tt0892318,0.5600000023841858,21999999.88079071,56000000.23841858,5000.0,Refer,"Recommended Refer to human reader: at probability 0.560, expected losses from Greenlight ($22.0M) and Pass ($56.0M) both exceed the human-reader cost ($5.0K). Manual review is preferred.",1,Comedy
tt0118158,0.5600000023841858,21999999.88079071,56000000.23841858,5000.0,Refer,"Recommended Refer to human reader: at probability 0.560, expected losses from Greenlight ($22.0M) and Pass ($56.0M) both exceed the human-reader cost ($5.0K). Manual review is preferred.",0,Drama
tt0086393,0.7124999761581421,14375001.192092896,71249997.61581421,5000.0,Refer,"Recommended Refer to human reader: at probability 0.712, expected losses from Greenlight ($14.4M) and Pass ($71.2M) both exceed the human-reader cost ($5.0K). Manual review is preferred.",0,Comedy
tt0119664,0.5600000023841858,21999999.88079071,56000000.23841858,5000.0,Refer,"Recommended Refer to human reader: at probability 0.560, expected losses from Greenlight ($22.0M) and Pass ($56.0M) both exceed the human-reader cost ($5.0K). Manual review is preferred.",0,Action
tt1320253,0.6666666865348816,16666665.67325592,66666668.65348816,5000.0,Refer,"Recommended Refer to human reader: at probability 0.667, expected losses from Greenlight ($16.7M) and Pass ($66.7M) both exceed the human-reader cost ($5.0K). Manual review is preferred.",1,Thriller
tt1315981,0.5600000023841858,21999999.88079071,56000000.23841858,5000.0,Refer,"Recommended Refer to human reader: at probability 0.560, expected losses from Greenlight ($22.0M) and Pass ($56.0M) both exceed the human-reader cost ($5.0K). Manual review is preferred.",1,Drama
tt10986222,0.5600000023841858,21999999.88079071,56000000.23841858,5000.0,Refer,"Recommended Refer to human reader: at probability 0.560, expected losses from Greenlight ($22.0M) and Pass ($56.0M) both exceed the human-reader cost ($5.0K). Manual review is preferred.",0,Drama
tt0389790,0.5600000023841858,21999999.88079071,56000000.23841858,5000.0,Refer,"Recommended Refer to human reader: at probability 0.560, expected losses from Greenlight ($22.0M) and Pass ($56.0M) both exceed the human-reader cost ($5.0K). Manual review is preferred.",0,Family
tt0163025,0.5600000023841858,21999999.88079071,56000000.23841858,5000.0,Refer,"Recommended Refer to human reader: at probability 0.560, expected losses from Greenlight ($22.0M) and Pass ($56.0M) both exceed the human-reader cost ($5.0K). Manual review is preferred.",1,Adventure
tt1045772,0.5600000023841858,21999999.88079071,56000000.23841858,5000.0,Refer,"Recommended Refer to human reader: at probability 0.560, expected losses from Greenlight ($22.0M) and Pass ($56.0M) both exceed the human-reader cost ($5.0K). Manual review is preferred.",0,Comedy
tt3224458,0.5600000023841858,21999999.88079071,56000000.23841858,5000.0,Refer,"Recommended Refer to human reader: at probability 0.560, expected losses from Greenlight ($22.0M) and Pass ($56.0M) both exceed the human-reader cost ($5.0K). Manual review is preferred.",1,Drama
tt1446714,0.5600000023841858,21999999.88079071,56000000.23841858,5000.0,Refer,"Recommended Refer to human reader: at probability 0.560, expected losses from Greenlight ($22.0M) and Pass ($56.0M) both exceed the human-reader cost ($5.0K). Manual review is preferred.",1,Science Fiction
tt1201607,0.7124999761581421,14375001.192092896,71249997.61581421,5000.0,Refer,"Recommended Refer to human reader: at probability 0.712, expected losses from Greenlight ($14.4M) and Pass ($71.2M) both exceed the human-reader cost ($5.0K). Manual review is preferred.",1,Fantasy
tt0057076,0.7124999761581421,14375001.192092896,71249997.61581421,5000.0,Refer,"Recommended Refer to human reader: at probability 0.712, expected losses from Greenlight ($14.4M) and Pass ($71.2M) both exceed the human-reader cost ($5.0K). Manual review is preferred.",1,Action
tt1124035,0.375,31250000.0,37500000.0,5000.0,Refer,"Recommended Refer to human reader: at probability 0.375, expected losses from Greenlight ($31.2M) and Pass ($37.5M) both exceed the human-reader cost ($5.0K). Manual review is preferred.",1,Drama
tt0383574,0.7124999761581421,14375001.192092896,71249997.61581421,5000.0,Refer,"Recommended Refer to human reader: at probability 0.712, expected losses from Greenlight ($14.4M) and Pass ($71.2M) both exceed the human-reader cost ($5.0K). Manual review is preferred.",1,Adventure
tt10618286,0.5600000023841858,21999999.88079071,56000000.23841858,5000.0,Refer,"Recommended Refer to human reader: at probability 0.560, expected losses from Greenlight ($22.0M) and Pass ($56.0M) both exceed the human-reader cost ($5.0K). Manual review is preferred.",0,Drama
tt0120746,0.5,25000000.0,50000000.0,5000.0,Refer,"Recommended Refer to human reader: at probability 0.500, expected losses from Greenlight ($25.0M) and Pass ($50.0M) both exceed the human-reader cost ($5.0K). Manual review is preferred.",1,Action
tt1022603,0.5600000023841858,21999999.88079071,56000000.23841858,5000.0,Refer,"Recommended Refer to human reader: at probability 0.560, expected losses from Greenlight ($22.0M) and Pass ($56.0M) both exceed the human-reader cost ($5.0K). Manual review is preferred.",1,Comedy
tt0090021,0.7124999761581421,14375001.192092896,71249997.61581421,5000.0,Refer,"Recommended Refer to human reader: at probability 0.712, expected losses from Greenlight ($14.4M) and Pass ($71.2M) both exceed the human-reader cost ($5.0K). Manual review is preferred.",0,Horror
tt0103759,0.5600000023841858,21999999.88079071,56000000.23841858,5000.0,Refer,"Recommended Refer to human reader: at probability 0.560, expected losses from Greenlight ($22.0M) and Pass ($56.0M) both exceed the human-reader cost ($5.0K). Manual review is preferred.",1,Crime
tt0110357,0.5600000023841858,21999999.88079071,56000000.23841858,5000.0,Refer,"Recommended Refer to human reader: at probability 0.560, expected losses from Greenlight ($22.0M) and Pass ($56.0M) both exceed the human-reader cost ($5.0K). Manual review is preferred.",1,Family
tt0390221,0.5600000023841858,21999999.88079071,56000000.23841858,5000.0,Refer,"Recommended Refer to human reader: at probability 0.560, expected losses from Greenlight ($22.0M) and Pass ($56.0M) both exceed the human-reader cost ($5.0K). Manual review is preferred.",1,Drama
tt0118661,0.6666666865348816,16666665.67325592,66666668.65348816,5000.0,Refer,"Recommended Refer to human reader: at probability 0.667, expected losses from Greenlight ($16.7M) and Pass ($66.7M) both exceed the human-reader cost ($5.0K). Manual review is preferred.",0,Action
tt1677720,0.7124999761581421,14375001.192092896,71249997.61581421,5000.0,Refer,"Recommended Refer to human reader: at probability 0.712, expected losses from Greenlight ($14.4M) and Pass ($71.2M) both exceed the human-reader cost ($5.0K). Manual review is preferred.",1,Adventure
tt0113118,0.7124999761581421,14375001.192092896,71249997.61581421,5000.0,Refer,"Recommended Refer to human reader: at probability 0.712, expected losses from Greenlight ($14.4M) and Pass ($71.2M) both exceed the human-reader cost ($5.0K). Manual review is preferred.",1,Comedy
tt0361748,0.7124999761581421,14375001.192092896,71249997.61581421,5000.0,Refer,"Recommended Refer to human reader: at probability 0.712, expected losses from Greenlight ($14.4M) and Pass ($71.2M) both exceed the human-reader cost ($5.0K). Manual review is preferred.",1,Drama
tt0096446,0.7124999761581421,14375001.192092896,71249997.61581421,5000.0,Refer,"Recommended Refer to human reader: at probability 0.712, expected losses from Greenlight ($14.4M) and Pass ($71.2M) both exceed the human-reader cost ($5.0K). Manual review is preferred.",0,Action
tt11138512,0.5600000023841858,21999999.88079071,56000000.23841858,5000.0,Refer,"Recommended Refer to human reader: at probability 0.560, expected losses from Greenlight ($22.0M) and Pass ($56.0M) both exceed the human-reader cost ($5.0K). Manual review is preferred.",0,Action
tt0095765,0.5600000023841858,21999999.88079071,56000000.23841858,5000.0,Refer,"Recommended Refer to human reader: at probability 0.560, expected losses from Greenlight ($22.0M) and Pass ($56.0M) both exceed the human-reader cost ($5.0K). Manual review is preferred.",1,Drama
tt0975645,0.5600000023841858,21999999.88079071,56000000.23841858,5000.0,Refer,"Recommended Refer to human reader: at probability 0.560, expected losses from Greenlight ($22.0M) and Pass ($56.0M) both exceed the human-reader cost ($5.0K). Manual review is preferred.",0,Drama
tt0381849,0.375,31250000.0,37500000.0,5000.0,Refer,"Recommended Refer to human reader: at probability 0.375, expected losses from Greenlight ($31.2M) and Pass ($37.5M) both exceed the human-reader cost ($5.0K). Manual review is preferred.",0,Other
tt0171363,0.6666666865348816,16666665.67325592,66666668.65348816,5000.0,Refer,"Recommended Refer to human reader: at probability 0.667, expected losses from Greenlight ($16.7M) and Pass ($66.7M) both exceed the human-reader cost ($5.0K). Manual review is preferred.",1,Horror
tt0126886,0.5,25000000.0,50000000.0,5000.0,Refer,"Recommended Refer to human reader: at probability 0.500, expected losses from Greenlight ($25.0M) and Pass ($50.0M) both exceed the human-reader cost ($5.0K). Manual review is preferred.",0,Comedy
tt0107290,0.5600000023841858,21999999.88079071,56000000.23841858,5000.0,Refer,"Recommended Refer to human reader: at probability 0.560, expected losses from Greenlight ($22.0M) and Pass ($56.0M) both exceed the human-reader cost ($5.0K). Manual review is preferred.",1,Adventure
tt0066026,0.7124999761581421,14375001.192092896,71249997.61581421,5000.0,Refer,"Recommended Refer to human reader: at probability 0.712, expected losses from Greenlight ($14.4M) and Pass ($71.2M) both exceed the human-reader cost ($5.0K). Manual review is preferred.",1,Comedy
tt1707386,0.7124999761581421,14375001.192092896,71249997.61581421,5000.0,Refer,"Recommended Refer to human reader: at probability 0.712, expected losses from Greenlight ($14.4M) and Pass ($71.2M) both exceed the human-reader cost ($5.0K). Manual review is preferred.",1,History
tt0037884,0.7124999761581421,14375001.192092896,71249997.61581421,5000.0,Refer,"Recommended Refer to human reader: at probability 0.712, expected losses from Greenlight ($14.4M) and Pass ($71.2M) both exceed the human-reader cost ($5.0K). Manual review is preferred.",1,Drama
tt0371746,0.5600000023841858,21999999.88079071,56000000.23841858,5000.0,Refer,"Recommended Refer to human reader: at probability 0.560, expected losses from Greenlight ($22.0M) and Pass ($56.0M) both exceed the human-reader cost ($5.0K). Manual review is preferred.",1,Action
tt0306685,0.5600000023841858,21999999.88079071,56000000.23841858,5000.0,Refer,"Recommended Refer to human reader: at probability 0.560, expected losses from Greenlight ($22.0M) and Pass ($56.0M) both exceed the human-reader cost ($5.0K). Manual review is preferred.",1,Action
tt0431197,0.5600000023841858,21999999.88079071,56000000.23841858,5000.0,Refer,"Recommended Refer to human reader: at probability 0.560, expected losses from Greenlight ($22.0M) and Pass ($56.0M) both exceed the human-reader cost ($5.0K). Manual review is preferred.",0,Thriller
tt0120667,0.5600000023841858,21999999.88079071,56000000.23841858,5000.0,Refer,"Recommended Refer to human reader: at probability 0.560, expected losses from Greenlight ($22.0M) and Pass ($56.0M) both exceed the human-reader cost ($5.0K). Manual review is preferred.",1,Action
tt0103074,0.5600000023841858,21999999.88079071,56000000.23841858,5000.0,Refer,"Recommended Refer to human reader: at probability 0.560, expected losses from Greenlight ($22.0M) and Pass ($56.0M) both exceed the human-reader cost ($5.0K). Manual review is preferred.",1,Drama
tt3390572,0.7124999761581421,14375001.192092896,71249997.61581421,5000.0,Refer,"Recommended Refer to human reader: at probability 0.712, expected losses from Greenlight ($14.4M) and Pass ($71.2M) both exceed the human-reader cost ($5.0K). Manual review is preferred.",0,Crime
tt0307479,0.5600000023841858,21999999.88079071,56000000.23841858,5000.0,Refer,"Recommended Refer to human reader: at probability 0.560, expected losses from Greenlight ($22.0M) and Pass ($56.0M) both exceed the human-reader cost ($5.0K). Manual review is preferred.",0,Drama
tt0086190,0.7124999761581421,14375001.192092896,71249997.61581421,5000.0,Refer,"Recommended Refer to human reader: at probability 0.712, expected losses from Greenlight ($14.4M) and Pass ($71.2M) both exceed the human-reader cost ($5.0K). Manual review is preferred.",1,Adventure
tt0450385,0.7124999761581421,14375001.192092896,71249997.61581421,5000.0,Refer,"Recommended Refer to human reader: at probability 0.712, expected losses from Greenlight ($14.4M) and Pass ($71.2M) both exceed the human-reader cost ($5.0K). Manual review is preferred.",1,Horror
tt1631867,0.7124999761581421,14375001.192092896,71249997.61581421,5000.0,Refer,"Recommended Refer to human reader: at probability 0.712, expected losses from Greenlight ($14.4M) and Pass ($71.2M) both exceed the human-reader cost ($5.0K). Manual review is preferred.",1,Action
tt1192628,0.5600000023841858,21999999.88079071,56000000.23841858,5000.0,Refer,"Recommended Refer to human reader: at probability 0.560, expected losses from Greenlight ($22.0M) and Pass ($56.0M) both exceed the human-reader cost ($5.0K). Manual review is preferred.",0,Animation
tt0098987,0.5600000023841858,21999999.88079071,56000000.23841858,5000.0,Refer,"Recommended Refer to human reader: at probability 0.560, expected losses from Greenlight ($22.0M) and Pass ($56.0M) both exceed the human-reader cost ($5.0K). Manual review is preferred.",0,Action
tt7014006,0.5600000023841858,21999999.88079071,56000000.23841858,5000.0,Refer,"Recommended Refer to human reader: at probability 0.560, expected losses from Greenlight ($22.0M) and Pass ($56.0M) both exceed the human-reader cost ($5.0K). Manual review is preferred.",1,Comedy
tt0094612,0.6666666865348816,16666665.67325592,66666668.65348816,5000.0,Refer,"Recommended Refer to human reader: at probability 0.667, expected losses from Greenlight ($16.7M) and Pass ($66.7M) both exceed the human-reader cost ($5.0K). Manual review is preferred.",1,Action
tt0103241,0.5600000023841858,21999999.88079071,56000000.23841858,5000.0,Refer,"Recommended Refer to human reader: at probability 0.560, expected losses from Greenlight ($22.0M) and Pass ($56.0M) both exceed the human-reader cost ($5.0K). Manual review is preferred.",0,Comedy
tt2119532,0.5600000023841858,21999999.88079071,56000000.23841858,5000.0,Refer,"Recommended Refer to human reader: at probability 0.560, expected losses from Greenlight ($22.0M) and Pass ($56.0M) both exceed the human-reader cost ($5.0K). Manual review is preferred.",1,Drama
tt1517268,0.5600000023841858,21999999.88079071,56000000.23841858,5000.0,Refer,"Recommended Refer to human reader: at probability 0.560, expected losses from Greenlight ($22.0M) and Pass ($56.0M) both exceed the human-reader cost ($5.0K). Manual review is preferred.",1,Comedy
tt0471042,0.5600000023841858,21999999.88079071,56000000.23841858,5000.0,Refer,"Recommended Refer to human reader: at probability 0.560, expected losses from Greenlight ($22.0M) and Pass ($56.0M) both exceed the human-reader cost ($5.0K). Manual review is preferred.",1,Action
tt0815236,0.5600000023841858,21999999.88079071,56000000.23841858,5000.0,Refer,"Recommended Refer to human reader: at probability 0.560, expected losses from Greenlight ($22.0M) and Pass ($56.0M) both exceed the human-reader cost ($5.0K). Manual review is preferred.",1,Romance
tt2404233,0.5600000023841858,21999999.88079071,56000000.23841858,5000.0,Refer,"Recommended Refer to human reader: at probability 0.560, expected losses from Greenlight ($22.0M) and Pass ($56.0M) both exceed the human-reader cost ($5.0K). Manual review is preferred.",0,Action
tt0116136,0.7124999761581421,14375001.192092896,71249997.61581421,5000.0,Refer,"Recommended Refer to human reader: at probability 0.712, expected losses from Greenlight ($14.4M) and Pass ($71.2M) both exceed the human-reader cost ($5.0K). Manual review is preferred.",1,Fantasy
tt0113101,0.5600000023841858,21999999.88079071,56000000.23841858,5000.0,Refer,"Recommended Refer to human reader: at probability 0.560, expected losses from Greenlight ($22.0M) and Pass ($56.0M) both exceed the human-reader cost ($5.0K). Manual review is preferred.",0,Comedy
tt0120815,0.7124999761581421,14375001.192092896,71249997.61581421,5000.0,Refer,"Recommended Refer to human reader: at probability 0.712, expected losses from Greenlight ($14.4M) and Pass ($71.2M) both exceed the human-reader cost ($5.0K). Manual review is preferred.",1,Drama
tt0118749,0.5600000023841858,21999999.88079071,56000000.23841858,5000.0,Refer,"Recommended Refer to human reader: at probability 0.560, expected losses from Greenlight ($22.0M) and Pass ($56.0M) both exceed the human-reader cost ($5.0K). Manual review is preferred.",1,Drama
tt0160484,0.5600000023841858,21999999.88079071,56000000.23841858,5000.0,Refer,"Recommended Refer to human reader: at probability 0.560, expected losses from Greenlight ($22.0M) and Pass ($56.0M) both exceed the human-reader cost ($5.0K). Manual review is preferred.",0,Horror
tt0162661,0.5600000023841858,21999999.88079071,56000000.23841858,5000.0,Refer,"Recommended Refer to human reader: at probability 0.560, expected losses from Greenlight ($22.0M) and Pass ($56.0M) both exceed the human-reader cost ($5.0K). Manual review is preferred.",1,Drama
tt0187738,0.5600000023841858,21999999.88079071,56000000.23841858,5000.0,Refer,"Recommended Refer to human reader: at probability 0.560, expected losses from Greenlight ($22.0M) and Pass ($56.0M) both exceed the human-reader cost ($5.0K). Manual review is preferred.",1,Fantasy
tt0255819,0.7124999761581421,14375001.192092896,71249997.61581421,5000.0,Refer,"Recommended Refer to human reader: at probability 0.712, expected losses from Greenlight ($14.4M) and Pass ($71.2M) both exceed the human-reader cost ($5.0K). Manual review is preferred.",0,Crime
tt0115956,0.7124999761581421,14375001.192092896,71249997.61581421,5000.0,Refer,"Recommended Refer to human reader: at probability 0.712, expected losses from Greenlight ($14.4M) and Pass ($71.2M) both exceed the human-reader cost ($5.0K). Manual review is preferred.",1,Drama
tt0328107,0.5,25000000.0,50000000.0,5000.0,Refer,"Recommended Refer to human reader: at probability 0.500, expected losses from Greenlight ($25.0M) and Pass ($50.0M) both exceed the human-reader cost ($5.0K). Manual review is preferred.",0,Action
tt0083972,1.0,0.0,100000000.0,5000.0,Greenlight,Recommended Greenlight: model probability 1.000 of >=2x ROI yields expected loss $0 from Greenlight vs $100.0M from Pass and $5.0K from Refer.,1,Horror
tt0270288,0.5600000023841858,21999999.88079071,56000000.23841858,5000.0,Refer,"Recommended Refer to human reader: at probability 0.560, expected losses from Greenlight ($22.0M) and Pass ($56.0M) both exceed the human-reader cost ($5.0K). Manual review is preferred.",0,Comedy
tt0318374,0.5600000023841858,21999999.88079071,56000000.23841858,5000.0,Refer,"Recommended Refer to human reader: at probability 0.560, expected losses from Greenlight ($22.0M) and Pass ($56.0M) both exceed the human-reader cost ($5.0K). Manual review is preferred.",1,Romance
tt0253474,0.5600000023841858,21999999.88079071,56000000.23841858,5000.0,Refer,"Recommended Refer to human reader: at probability 0.560, expected losses from Greenlight ($22.0M) and Pass ($56.0M) both exceed the human-reader cost ($5.0K). Manual review is preferred.",1,Drama
tt11198810,0.5600000023841858,21999999.88079071,56000000.23841858,5000.0,Refer,"Recommended Refer to human reader: at probability 0.560, expected losses from Greenlight ($22.0M) and Pass ($56.0M) both exceed the human-reader cost ($5.0K). Manual review is preferred.",0,Drama
tt0976051,0.5600000023841858,21999999.88079071,56000000.23841858,5000.0,Refer,"Recommended Refer to human reader: at probability 0.560, expected losses from Greenlight ($22.0M) and Pass ($56.0M) both exceed the human-reader cost ($5.0K). Manual review is preferred.",1,Drama
tt0120735,0.375,31250000.0,37500000.0,5000.0,Refer,"Recommended Refer to human reader: at probability 0.375, expected losses from Greenlight ($31.2M) and Pass ($37.5M) both exceed the human-reader cost ($5.0K). Manual review is preferred.",1,Comedy
tt0360009,0.5600000023841858,21999999.88079071,56000000.23841858,5000.0,Refer,"Recommended Refer to human reader: at probability 0.560, expected losses from Greenlight ($22.0M) and Pass ($56.0M) both exceed the human-reader cost ($5.0K). Manual review is preferred.",0,Mystery
tt1205489,0.5600000023841858,21999999.88079071,56000000.23841858,5000.0,Refer,"Recommended Refer to human reader: at probability 0.560, expected losses from Greenlight ($22.0M) and Pass ($56.0M) both exceed the human-reader cost ($5.0K). Manual review is preferred.",1,Drama
tt1392214,0.7124999761581421,14375001.192092896,71249997.61581421,5000.0,Refer,"Recommended Refer to human reader: at probability 0.712, expected losses from Greenlight ($14.4M) and Pass ($71.2M) both exceed the human-reader cost ($5.0K). Manual review is preferred.",1,Drama
tt0101761,0.7124999761581421,14375001.192092896,71249997.61581421,5000.0,Refer,"Recommended Refer to human reader: at probability 0.712, expected losses from Greenlight ($14.4M) and Pass ($71.2M) both exceed the human-reader cost ($5.0K). Manual review is preferred.",0,Music
tt0185431,0.5600000023841858,21999999.88079071,56000000.23841858,5000.0,Refer,"Recommended Refer to human reader: at probability 0.560, expected losses from Greenlight ($22.0M) and Pass ($56.0M) both exceed the human-reader cost ($5.0K). Manual review is preferred.",0,Comedy
tt7146812,0.7124999761581421,14375001.192092896,71249997.61581421,5000.0,Refer,"Recommended Refer to human reader: at probability 0.712, expected losses from Greenlight ($14.4M) and Pass ($71.2M) both exceed the human-reader cost ($5.0K). Manual review is preferred.",0,Family
tt0112471,0.5600000023841858,21999999.88079071,56000000.23841858,5000.0,Refer,"Recommended Refer to human reader: at probability 0.560, expected losses from Greenlight ($22.0M) and Pass ($56.0M) both exceed the human-reader cost ($5.0K). Manual review is preferred.",1,Drama
tt0088172,0.7124999761581421,14375001.192092896,71249997.61581421,5000.0,Refer,"Recommended Refer to human reader: at probability 0.712, expected losses from Greenlight ($14.4M) and Pass ($71.2M) both exceed the human-reader cost ($5.0K). Manual review is preferred.",0,Science Fiction
tt0368008,0.5600000023841858,21999999.88079071,56000000.23841858,5000.0,Refer,"Recommended Refer to human reader: at probability 0.560, expected losses from Greenlight ($22.0M) and Pass ($56.0M) both exceed the human-reader cost ($5.0K). Manual review is preferred.",0,Drama
tt0105128,0.7124999761581421,14375001.192092896,71249997.61581421,5000.0,Refer,"Recommended Refer to human reader: at probability 0.712, expected losses from Greenlight ($14.4M) and Pass ($71.2M) both exceed the human-reader cost ($5.0K). Manual review is preferred.",1,Horror
tt0058150,0.7124999761581421,14375001.192092896,71249997.61581421,5000.0,Refer,"Recommended Refer to human reader: at probability 0.712, expected losses from Greenlight ($14.4M) and Pass ($71.2M) both exceed the human-reader cost ($5.0K). Manual review is preferred.",1,Adventure
tt0073440,0.7124999761581421,14375001.192092896,71249997.61581421,5000.0,Refer,"Recommended Refer to human reader: at probability 0.712, expected losses from Greenlight ($14.4M) and Pass ($71.2M) both exceed the human-reader cost ($5.0K). Manual review is preferred.",1,Drama
tt1996264,0.5600000023841858,21999999.88079071,56000000.23841858,5000.0,Refer,"Recommended Refer to human reader: at probability 0.560, expected losses from Greenlight ($22.0M) and Pass ($56.0M) both exceed the human-reader cost ($5.0K). Manual review is preferred.",0,Comedy
tt5027774,0.5600000023841858,21999999.88079071,56000000.23841858,5000.0,Refer,"Recommended Refer to human reader: at probability 0.560, expected losses from Greenlight ($22.0M) and Pass ($56.0M) both exceed the human-reader cost ($5.0K). Manual review is preferred.",1,Crime
tt0322259,0.5600000023841858,21999999.88079071,56000000.23841858,5000.0,Refer,"Recommended Refer to human reader: at probability 0.560, expected losses from Greenlight ($22.0M) and Pass ($56.0M) both exceed the human-reader cost ($5.0K). Manual review is preferred.",1,Action
tt0288477,0.5600000023841858,21999999.88079071,56000000.23841858,5000.0,Refer,"Recommended Refer to human reader: at probability 0.560, expected losses from Greenlight ($22.0M) and Pass ($56.0M) both exceed the human-reader cost ($5.0K). Manual review is preferred.",0,Horror
tt0225071,0.5600000023841858,21999999.88079071,56000000.23841858,5000.0,Refer,"Recommended Refer to human reader: at probability 0.560, expected losses from Greenlight ($22.0M) and Pass ($56.0M) both exceed the human-reader cost ($5.0K). Manual review is preferred.",0,Drama
tt0099165,0.375,31250000.0,37500000.0,5000.0,Refer,"Recommended Refer to human reader: at probability 0.375, expected losses from Greenlight ($31.2M) and Pass ($37.5M) both exceed the human-reader cost ($5.0K). Manual review is preferred.",0,Comedy
tt1967545,0.5600000023841858,21999999.88079071,56000000.23841858,5000.0,Refer,"Recommended Refer to human reader: at probability 0.560, expected losses from Greenlight ($22.0M) and Pass ($56.0M) both exceed the human-reader cost ($5.0K). Manual review is preferred.",0,Drama
tt0780571,0.7124999761581421,14375001.192092896,71249997.61581421,5000.0,Refer,"Recommended Refer to human reader: at probability 0.712, expected losses from Greenlight ($14.4M) and Pass ($71.2M) both exceed the human-reader cost ($5.0K). Manual review is preferred.",1,Crime
tt3464902,0.5600000023841858,21999999.88079071,56000000.23841858,5000.0,Refer,"Recommended Refer to human reader: at probability 0.560, expected losses from Greenlight ($22.0M) and Pass ($56.0M) both exceed the human-reader cost ($5.0K). Manual review is preferred.",1,Comedy
tt0090329,0.7124999761581421,14375001.192092896,71249997.61581421,5000.0,Refer,"Recommended Refer to human reader: at probability 0.712, expected losses from Greenlight ($14.4M) and Pass ($71.2M) both exceed the human-reader cost ($5.0K). Manual review is preferred.",1,Crime
tt0316654,0.5600000023841858,21999999.88079071,56000000.23841858,5000.0,Refer,"Recommended Refer to human reader: at probability 0.560, expected losses from Greenlight ($22.0M) and Pass ($56.0M) both exceed the human-reader cost ($5.0K). Manual review is preferred.",1,Action
tt1242432,0.5600000023841858,21999999.88079071,56000000.23841858,5000.0,Refer,"Recommended Refer to human reader: at probability 0.560, expected losses from Greenlight ($22.0M) and Pass ($56.0M) both exceed the human-reader cost ($5.0K). Manual review is preferred.",0,Thriller
tt0115641,0.5600000023841858,21999999.88079071,56000000.23841858,5000.0,Refer,"Recommended Refer to human reader: at probability 0.560, expected losses from Greenlight ($22.0M) and Pass ($56.0M) both exceed the human-reader cost ($5.0K). Manual review is preferred.",1,Animation
tt7125860,0.375,31250000.0,37500000.0,5000.0,Refer,"Recommended Refer to human reader: at probability 0.375, expected losses from Greenlight ($31.2M) and Pass ($37.5M) both exceed the human-reader cost ($5.0K). Manual review is preferred.",0,Romance
tt1212428,0.5600000023841858,21999999.88079071,56000000.23841858,5000.0,Refer,"Recommended Refer to human reader: at probability 0.560, expected losses from Greenlight ($22.0M) and Pass ($56.0M) both exceed the human-reader cost ($5.0K). Manual review is preferred.",0,Adventure
tt2386490,0.7124999761581421,14375001.192092896,71249997.61581421,5000.0,Refer,"Recommended Refer to human reader: at probability 0.712, expected losses from Greenlight ($14.4M) and Pass ($71.2M) both exceed the human-reader cost ($5.0K). Manual review is preferred.",1,Animation
tt0372784,0.5600000023841858,21999999.88079071,56000000.23841858,5000.0,Refer,"Recommended Refer to human reader: at probability 0.560, expected losses from Greenlight ($22.0M) and Pass ($56.0M) both exceed the human-reader cost ($5.0K). Manual review is preferred.",1,Action
tt2278388,0.7124999761581421,14375001.192092896,71249997.61581421,5000.0,Refer,"Recommended Refer to human reader: at probability 0.712, expected losses from Greenlight ($14.4M) and Pass ($71.2M) both exceed the human-reader cost ($5.0K). Manual review is preferred.",1,Comedy
tt9731598,0.5600000023841858,21999999.88079071,56000000.23841858,5000.0,Refer,"Recommended Refer to human reader: at probability 0.560, expected losses from Greenlight ($22.0M) and Pass ($56.0M) both exceed the human-reader cost ($5.0K). Manual review is preferred.",0,Comedy
tt1037705,0.5600000023841858,21999999.88079071,56000000.23841858,5000.0,Refer,"Recommended Refer to human reader: at probability 0.560, expected losses from Greenlight ($22.0M) and Pass ($56.0M) both exceed the human-reader cost ($5.0K). Manual review is preferred.",0,Action
tt6398184,0.7124999761581421,14375001.192092896,71249997.61581421,5000.0,Refer,"Recommended Refer to human reader: at probability 0.712, expected losses from Greenlight ($14.4M) and Pass ($71.2M) both exceed the human-reader cost ($5.0K). Manual review is preferred.",1,Drama
tt0102266,0.5,25000000.0,50000000.0,5000.0,Refer,"Recommended Refer to human reader: at probability 0.500, expected losses from Greenlight ($25.0M) and Pass ($50.0M) both exceed the human-reader cost ($5.0K). Manual review is preferred.",1,Action
tt1389072,0.5600000023841858,21999999.88079071,56000000.23841858,5000.0,Refer,"Recommended Refer to human reader: at probability 0.560, expected losses from Greenlight ($22.0M) and Pass ($56.0M) both exceed the human-reader cost ($5.0K). Manual review is preferred.",0,Drama
tt0297884,0.7124999761581421,14375001.192092896,71249997.61581421,5000.0,Refer,"Recommended Refer to human reader: at probability 0.712, expected losses from Greenlight ($14.4M) and Pass ($71.2M) both exceed the human-reader cost ($5.0K). Manual review is preferred.",1,Drama
tt1482459,0.7124999761581421,14375001.192092896,71249997.61581421,5000.0,Refer,"Recommended Refer to human reader: at probability 0.712, expected losses from Greenlight ($14.4M) and Pass ($71.2M) both exceed the human-reader cost ($5.0K). Manual review is preferred.",1,Animation
tt0104627,0.6666666865348816,16666665.67325592,66666668.65348816,5000.0,Refer,"Recommended Refer to human reader: at probability 0.667, expected losses from Greenlight ($16.7M) and Pass ($66.7M) both exceed the human-reader cost ($5.0K). Manual review is preferred.",0,Mystery
tt14230388,0.5600000023841858,21999999.88079071,56000000.23841858,5000.0,Refer,"Recommended Refer to human reader: at probability 0.560, expected losses from Greenlight ($22.0M) and Pass ($56.0M) both exceed the human-reader cost ($5.0K). Manual review is preferred.",0,Comedy
tt1606392,0.6666666865348816,16666665.67325592,66666668.65348816,5000.0,Refer,"Recommended Refer to human reader: at probability 0.667, expected losses from Greenlight ($16.7M) and Pass ($66.7M) both exceed the human-reader cost ($5.0K). Manual review is preferred.",0,Drama
tt3544112,0.5600000023841858,21999999.88079071,56000000.23841858,5000.0,Refer,"Recommended Refer to human reader: at probability 0.560, expected losses from Greenlight ($22.0M) and Pass ($56.0M) both exceed the human-reader cost ($5.0K). Manual review is preferred.",1,Comedy
tt1532503,0.7124999761581421,14375001.192092896,71249997.61581421,5000.0,Refer,"Recommended Refer to human reader: at probability 0.712, expected losses from Greenlight ($14.4M) and Pass ($71.2M) both exceed the human-reader cost ($5.0K). Manual review is preferred.",1,Drama
tt1226753,0.7124999761581421,14375001.192092896,71249997.61581421,5000.0,Refer,"Recommended Refer to human reader: at probability 0.712, expected losses from Greenlight ($14.4M) and Pass ($71.2M) both exceed the human-reader cost ($5.0K). Manual review is preferred.",1,Drama
tt2170439,0.5600000023841858,21999999.88079071,56000000.23841858,5000.0,Refer,"Recommended Refer to human reader: at probability 0.560, expected losses from Greenlight ($22.0M) and Pass ($56.0M) both exceed the human-reader cost ($5.0K). Manual review is preferred.",1,Comedy
tt0455944,0.5600000023841858,21999999.88079071,56000000.23841858,5000.0,Refer,"Recommended Refer to human reader: at probability 0.560, expected losses from Greenlight ($22.0M) and Pass ($56.0M) both exceed the human-reader cost ($5.0K). Manual review is preferred.",1,Thriller
tt0151738,0.5600000023841858,21999999.88079071,56000000.23841858,5000.0,Refer,"Recommended Refer to human reader: at probability 0.560, expected losses from Greenlight ($22.0M) and Pass ($56.0M) both exceed the human-reader cost ($5.0K). Manual review is preferred.",1,Romance
tt0181865,0.5600000023841858,21999999.88079071,56000000.23841858,5000.0,Refer,"Recommended Refer to human reader: at probability 0.560, expected losses from Greenlight ($22.0M) and Pass ($56.0M) both exceed the human-reader cost ($5.0K). Manual review is preferred.",1,Thriller
tt0120647,0.7124999761581421,14375001.192092896,71249997.61581421,5000.0,Refer,"Recommended Refer to human reader: at probability 0.712, expected losses from Greenlight ($14.4M) and Pass ($71.2M) both exceed the human-reader cost ($5.0K). Manual review is preferred.",1,Action
tt3659388,0.7124999761581421,14375001.192092896,71249997.61581421,5000.0,Refer,"Recommended Refer to human reader: at probability 0.712, expected losses from Greenlight ($14.4M) and Pass ($71.2M) both exceed the human-reader cost ($5.0K). Manual review is preferred.",1,Drama
tt0117918,0.7124999761581421,14375001.192092896,71249997.61581421,5000.0,Refer,"Recommended Refer to human reader: at probability 0.712, expected losses from Greenlight ($14.4M) and Pass ($71.2M) both exceed the human-reader cost ($5.0K). Manual review is preferred.",0,Comedy
tt0103772,0.5600000023841858,21999999.88079071,56000000.23841858,5000.0,Refer,"Recommended Refer to human reader: at probability 0.560, expected losses from Greenlight ($22.0M) and Pass ($56.0M) both exceed the human-reader cost ($5.0K). Manual review is preferred.",1,Thriller
tt0258000,0.6666666865348816,16666665.67325592,66666668.65348816,5000.0,Refer,"Recommended Refer to human reader: at probability 0.667, expected losses from Greenlight ($16.7M) and Pass ($66.7M) both exceed the human-reader cost ($5.0K). Manual review is preferred.",1,Crime
tt1038686,0.7124999761581421,14375001.192092896,71249997.61581421,5000.0,Refer,"Recommended Refer to human reader: at probability 0.712, expected losses from Greenlight ($14.4M) and Pass ($71.2M) both exceed the human-reader cost ($5.0K). Manual review is preferred.",1,Horror
tt1282140,0.5600000023841858,21999999.88079071,56000000.23841858,5000.0,Refer,"Recommended Refer to human reader: at probability 0.560, expected losses from Greenlight ($22.0M) and Pass ($56.0M) both exceed the human-reader cost ($5.0K). Manual review is preferred.",1,Comedy
tt0842926,0.5600000023841858,21999999.88079071,56000000.23841858,5000.0,Refer,"Recommended Refer to human reader: at probability 0.560, expected losses from Greenlight ($22.0M) and Pass ($56.0M) both exceed the human-reader cost ($5.0K). Manual review is preferred.",1,Comedy
tt0229260,0.5600000023841858,21999999.88079071,56000000.23841858,5000.0,Refer,"Recommended Refer to human reader: at probability 0.560, expected losses from Greenlight ($22.0M) and Pass ($56.0M) both exceed the human-reader cost ($5.0K). Manual review is preferred.",1,Mystery
tt2562232,0.5600000023841858,21999999.88079071,56000000.23841858,5000.0,Refer,"Recommended Refer to human reader: at probability 0.560, expected losses from Greenlight ($22.0M) and Pass ($56.0M) both exceed the human-reader cost ($5.0K). Manual review is preferred.",1,Drama
tt1454468,0.7124999761581421,14375001.192092896,71249997.61581421,5000.0,Refer,"Recommended Refer to human reader: at probability 0.712, expected losses from Greenlight ($14.4M) and Pass ($71.2M) both exceed the human-reader cost ($5.0K). Manual review is preferred.",1,Science Fiction
tt0074285,0.7124999761581421,14375001.192092896,71249997.61581421,5000.0,Refer,"Recommended Refer to human reader: at probability 0.712, expected losses from Greenlight ($14.4M) and Pass ($71.2M) both exceed the human-reader cost ($5.0K). Manual review is preferred.",1,Horror
tt0094631,0.7124999761581421,14375001.192092896,71249997.61581421,5000.0,Refer,"Recommended Refer to human reader: at probability 0.712, expected losses from Greenlight ($14.4M) and Pass ($71.2M) both exceed the human-reader cost ($5.0K). Manual review is preferred.",1,Science Fiction
tt1457767,0.5600000023841858,21999999.88079071,56000000.23841858,5000.0,Refer,"Recommended Refer to human reader: at probability 0.560, expected losses from Greenlight ($22.0M) and Pass ($56.0M) both exceed the human-reader cost ($5.0K). Manual review is preferred.",1,Horror
tt1201167,0.5600000023841858,21999999.88079071,56000000.23841858,5000.0,Refer,"Recommended Refer to human reader: at probability 0.560, expected losses from Greenlight ($22.0M) and Pass ($56.0M) both exceed the human-reader cost ($5.0K). Manual review is preferred.",0,Comedy
tt7286456,0.5600000023841858,21999999.88079071,56000000.23841858,5000.0,Refer,"Recommended Refer to human reader: at probability 0.560, expected losses from Greenlight ($22.0M) and Pass ($56.0M) both exceed the human-reader cost ($5.0K). Manual review is preferred.",1,Crime
tt0084787,0.7124999761581421,14375001.192092896,71249997.61581421,5000.0,Refer,"Recommended Refer to human reader: at probability 0.712, expected losses from Greenlight ($14.4M) and Pass ($71.2M) both exceed the human-reader cost ($5.0K). Manual review is preferred.",0,Horror
tt1723811,0.5600000023841858,21999999.88079071,56000000.23841858,5000.0,Refer,"Recommended Refer to human reader: at probability 0.560, expected losses from Greenlight ($22.0M) and Pass ($56.0M) both exceed the human-reader cost ($5.0K). Manual review is preferred.",0,Drama
tt0118655,0.5600000023841858,21999999.88079071,56000000.23841858,5000.0,Refer,"Recommended Refer to human reader: at probability 0.560, expected losses from Greenlight ($22.0M) and Pass ($56.0M) both exceed the human-reader cost ($5.0K). Manual review is preferred.",1,Science Fiction
tt0102926,0.5600000023841858,21999999.88079071,56000000.23841858,5000.0,Refer,"Recommended Refer to human reader: at probability 0.560, expected losses from Greenlight ($22.0M) and Pass ($56.0M) both exceed the human-reader cost ($5.0K). Manual review is preferred.",1,Crime
tt0281358,0.5600000023841858,21999999.88079071,56000000.23841858,5000.0,Refer,"Recommended Refer to human reader: at probability 0.560, expected losses from Greenlight ($22.0M) and Pass ($56.0M) both exceed the human-reader cost ($5.0K). Manual review is preferred.",1,Drama
tt1182345,0.5600000023841858,21999999.88079071,56000000.23841858,5000.0,Refer,"Recommended Refer to human reader: at probability 0.560, expected losses from Greenlight ($22.0M) and Pass ($56.0M) both exceed the human-reader cost ($5.0K). Manual review is preferred.",0,Science Fiction
tt1605783,0.5600000023841858,21999999.88079071,56000000.23841858,5000.0,Refer,"Recommended Refer to human reader: at probability 0.560, expected losses from Greenlight ($22.0M) and Pass ($56.0M) both exceed the human-reader cost ($5.0K). Manual review is preferred.",1,Fantasy
tt3623726,0.5600000023841858,21999999.88079071,56000000.23841858,5000.0,Refer,"Recommended Refer to human reader: at probability 0.560, expected losses from Greenlight ($22.0M) and Pass ($56.0M) both exceed the human-reader cost ($5.0K). Manual review is preferred.",1,Comedy
tt0118564,0.375,31250000.0,37500000.0,5000.0,Refer,"Recommended Refer to human reader: at probability 0.375, expected losses from Greenlight ($31.2M) and Pass ($37.5M) both exceed the human-reader cost ($5.0K). Manual review is preferred.",0,Drama
tt0438488,0.5600000023841858,21999999.88079071,56000000.23841858,5000.0,Refer,"Recommended Refer to human reader: at probability 0.560, expected losses from Greenlight ($22.0M) and Pass ($56.0M) both exceed the human-reader cost ($5.0K). Manual review is preferred.",0,Action
tt0451279,0.5600000023841858,21999999.88079071,56000000.23841858,5000.0,Refer,"Recommended Refer to human reader: at probability 0.560, expected losses from Greenlight ($22.0M) and Pass ($56.0M) both exceed the human-reader cost ($5.0K). Manual review is preferred.",1,Action
